Map,Day,Month,Year,Wait Time(s), Match Time(s),Team A Rounds,Team B Rounds,Ping,Kills,Assists,Deaths,Mvp's,HS%,Points,Result
Inferno,06,11,2020,18,2746,11,16,65,28,7,18,4,32,74,Win
Dust II,06,11,2020,53,1852,6,16,60,11,4,19,0,27,32,Lost
Mirage,06,11,2020,34,2409,16,10,89,20,5,19,3,25,55,Lost
Mirage,05,11,2020,72,2544,16,12,76,22,3,21,2,50,56,Lost
Dust II,05,11,2020,86,2432,11,16,82,12,7,23,0,16,33,Lost
Dust II,04,11,2020,11,2846,16,14,54,25,5,24,5,56,63,Win
Mirage,04,11,2020,98,1811,16,4,79,16,1,6,4,47,38,Win
Inferno,02,11,2020,71,1670,4,13,56,23,2,8,4,34,60,Win
Mirage,02,11,2020,11,2804,16,14,58,16,9,22,3,31,47,Lost
Dust II,01,11,2020,169,2624,16,13,58,16,7,22,3,43,44,Win
Inferno,01,11,2020,59,2847,16,11,52,14,6,22,0,28,41,Lost
Mirage,01,11,2020,47,2377,9,16,53,21,1,18,4,28,43,Lost
Inferno,31,10,2020,101,2298,10,16,59,17,7,16,1,23,50,Win
Dust II,31,10,2020,29,1257,10,4,58,8,2,6,2,12,20,Win
Mirage,31,10,2020,66,2278,16,9,62,24,3,20,3,41,61,Lost
Mirage,30,10,2020,14,2796,16,14,79,24,7,22,5,33,60,Lost
Inferno,30,10,2020,14,2529,9,16,54,9,4,21,2,55,25,Lost
Inferno,30,10,2020,77,1791,16,4,62,15,4,16,2,26,40,Lost
Mirage,30,10,2020,25,2142,16,8,61,17,5,11,5,11,45,Win
Dust II,29,10,2020,27,2645,12,16,56,25,6,20,6,24,64,Lost
Mirage,29,10,2020,29,2812,15,15,53,21,6,19,4,28,58,Tie
Inferno,25,10,2020,31,2201,16,9,58,21,8,19,1,19,55,Lost
Dust II,25,10,2020,27,2512,16,12,60,19,5,21,2,63,48,Lost
Mirage,25,10,2020,39,2842,15,15,58,15,9,21,1,33,50,Tie
Dust II,24,10,2020,69,2589,12,16,75,19,3,18,2,42,52,Lost
Inferno,24,10,2020,29,3135,15,15,94,27,4,19,5,22,67,Tie
Mirage,24,10,2020,12,3102,16,12,70,19,0,22,1,15,46,Lost
Inferno,23,10,2020,46,2933,16,12,62,21,3,22,4,19,50,Lost
Dust II,23,10,2020,82,1860,5,16,76,18,2,17,1,27,42,Lost
Mirage,23,10,2020,17,2950,15,15,79,24,9,25,3,41,65,Tie
Dust II,21,10,2020,21,2249,10,16,73,25,8,16,3,24,66,Win
Inferno,21,10,2020,58,2364,16,11,64,26,4,22,4,23,58,Lost
Mirage,21,10,2020,53,2786,16,12,98,21,6,25,1,19,53,Lost
Dust II,19,10,2020,20,2304,16,12,70,22,5,24,3,36,51,Lost
Mirage,19,10,2020,29,3182,14,16,66,38,8,24,4,31,89,Win
Inferno,18,10,2020,77,2735,12,16,60,27,9,19,6,11,65,Win
Mirage,18,10,2020,131,2075,16,8,65,22,5,15,5,22,51,Win
Overpass,16,10,2020,138,3299,16,14,61,28,7,23,3,35,69,Lost
Mirage,16,10,2020,74,2078,16,9,61,27,9,17,5,22,71,Win
Dust II,15,10,2020,17,2694,14,16,61,26,8,20,5,15,75,Lost
Mirage,15,10,2020,28,3118,14,16,62,35,6,21,7,22,80,Lost
Inferno,13,10,2020,28,2760,16,10,64,17,5,17,3,41,44,Win
Mirage,13,10,2020,50,2840,16,12,64,22,5,20,4,21,57,Win
Overpass,12,10,2020,47,2758,16,12,64,21,10,24,2,14,58,Lost
Dust II,12,10,2020,19,2674,15,15,60,25,6,23,3,44,66,Tie
Mirage,12,10,2020,17,2368,16,9,63,21,4,19,2,52,51,Lost
Dust II,11,10,2020,37,2489,12,16,61,29,6,17,5,41,76,Win
Inferno,11,10,2020,34,2954,15,15,90,16,6,20,3,31,48,Tie
Mirage,11,10,2020,23,1844,16,4,77,21,3,8,5,38,52,Win
Mirage,10,10,2020,99,2597,16,10,86,21,4,18,3,42,57,Win
Mirage,04,10,2020,35,2850,16,14,74,25,3,23,2,44,61,Lost
Mirage,04,10,2020,10,2389,16,8,68,23,3,15,4,17,57,Win
Dust II,03,10,2020,22,2531,11,16,102,27,10,17,6,44,72,Win
Inferno,03,10,2020,15,3415,15,15,65,25,7,23,4,44,67,Tie
Mirage,03,10,2020,51,2856,16,14,76,16,11,25,1,17,47,Lost
Inferno,02,10,2020,16,2789,10,16,71,27,5,21,2,29,65,Lost
Mirage,02,10,2020,16,1901,5,16,110,21,1,17,4,47,49,Lost
Inferno,01,10,2020,52,2922,16,11,62,20,4,21,2,25,49,Lost
Mirage,01,10,2020,60,2745,12,16,65,21,3,19,1,28,51,Win
Dust II,30,09,2020,65,2544,16,10,79,29,5,17,4,27,66,Win
Mirage,30,09,2020,61,2807,15,15,65,21,7,18,3,45,62,Tie
Inferno,29,09,2020,17,2586,11,16,92,21,4,20,4,47,52,Win
Dust II,29,09,2020,44,2275,11,16,65,19,6,20,4,26,49,Lost
Mirage,29,09,2020,40,2507,16,12,80,32,4,15,6,37,74,Win
Mirage,28,09,2020,11,2633,16,12,64,28,6,21,2,25,70,Lost
Dust II,28,09,2020,44,2692,12,16,89,19,2,21,3,42,46,Lost
Mirage,27,09,2020,295,2866,16,13,70,22,8,18,7,36,63,Win
Inferno,27,09,2020,174,3340,16,14,68,25,6,23,4,48,64,Lost
Dust II,27,09,2020,143,2268,16,8,76,26,6,12,3,50,63,Win
Dust II,26,09,2020,72,2517,9,16,62,17,4,17,6,27,56,Win
Inferno,26,09,2020,80,2701,16,10,0,14,1,10,4,38,37,Lost
Mirage,26,09,2020,11,2871,15,15,62,24,4,21,2,33,53,Tie
Dust II,24,09,2020,60,1624,5,16,58,16,7,12,3,12,52,Win
Inferno,24,09,2020,15,2643,12,16,66,22,3,18,2,36,55,Win
Mirage,24,09,2020,68,2154,16,7,56,29,5,13,5,20,69,Win
Inferno,23,09,2020,24,2985,16,10,56,36,5,14,6,38,93,Win
Dust II,23,09,2020,18,2217,16,6,78,17,2,12,4,29,41,Win
Mirage,23,09,2020,36,2307,16,7,60,12,5,20,2,50,30,Lost
Mirage,20,09,2020,33,2808,15,15,56,22,4,21,4,50,58,Tie
Inferno,19,09,2020,14,2186,16,8,62,19,4,11,2,26,55,Win
Inferno,19,09,2020,22,736,0,8,72,4,4,3,1,25,16,Win
Overpass,19,09,2020,17,2792,16,13,69,26,6,21,5,34,64,Win
Mirage,19,09,2020,56,2938,16,13,59,21,3,21,4,38,54,Lost
Dust II,18,09,2020,86,2063,16,9,82,16,7,20,2,37,41,Lost
Mirage,18,09,2020,65,2885,14,16,80,27,5,19,4,40,72,Win
Dust II,17,09,2020,12,2683,16,13,90,22,5,22,1,45,61,Lost
Dust II,16,09,2020,12,2196,16,7,107,15,2,19,4,53,41,Lost
Mirage,16,09,2020,44,3126,16,14,66,28,6,19,5,32,68,Win
Dust II,16,09,2020,40,2242,9,16,90,29,12,14,4,17,74,Win
Mirage,15,09,2020,68,1941,16,6,61,24,6,12,2,33,58,Win
Overpass,15,09,2020,11,2182,16,8,56,10,4,19,1,70,31,Lost
Inferno,15,09,2020,86,1727,3,16,62,24,3,10,6,37,61,Win
Mirage,15,09,2020,54,2850,15,15,64,33,6,17,7,27,86,Tie
Mirage,13,09,2020,39,2073,7,16,58,12,8,16,5,33,45,Win
Dust II,12,09,2020,11,2732,15,15,59,28,7,21,3,60,73,Tie
Overpass,12,09,2020,81,2723,16,11,81,21,7,18,3,33,57,Win
Mirage,12,09,2020,17,2604,16,11,60,25,8,21,4,20,60,Lost
Overpass,10,09,2020,73,2051,16,7,115,15,2,9,3,31,39,Win
Mirage,10,09,2020,235,1762,5,16,59,17,1,9,3,47,43,Win
Dust II,10,09,2020,18,2381,16,12,53,15,8,23,2,26,42,Win
Inferno,10,09,2020,22,2001,16,4,0,5,2,2,1,60,12,Win
Inferno,09,09,2020,42,2547,11,16,57,34,8,16,7,38,97,Win
Mirage,09,09,2020,53,2252,16,9,61,5,1,10,2,0,15,Win
Overpass,09,09,2020,19,2872,16,11,52,27,3,18,6,37,61,Win
Dust II,08,09,2020,34,2667,16,13,63,16,6,23,1,37,49,Lost
Overpass,08,09,2020,15,2417,16,9,55,21,4,21,1,23,55,Lost
Mirage,08,09,2020,29,2050,16,4,62,21,3,9,4,42,47,Win
Inferno,07,09,2020,75,2804,10,16,59,23,6,20,4,56,60,Win
Mirage,07,09,2020,20,2661,16,9,64,22,3,20,1,31,55,Win
Dust II,06,09,2020,42,1932,16,8,59,14,5,20,1,42,39,Lost
Dust II,06,09,2020,65,2202,9,16,60,20,1,22,2,35,47,Lost
Inferno,06,09,2020,63,2391,16,8,66,26,4,12,4,42,66,Win
Mirage,06,09,2020,11,2887,15,15,57,28,7,19,3,37,77,Tie
Dust II,05,09,2020,25,2453,13,16,67,26,6,20,5,38,66,Win
Overpass,05,09,2020,19,2375,7,16,67,18,4,14,4,38,53,Win
Inferno,05,09,2020,26,2570,11,16,68,28,5,16,4,57,74,Win
Mirage,05,09,2020,36,1990,16,5,76,17,5,18,1,52,43,Lost
Inferno,04,09,2020,10,2325,8,16,65,12,5,20,1,33,34,Lost
Dust II,04,09,2020,48,2002,8,16,62,18,4,11,3,33,50,Win
Mirage,04,09,2020,42,2550,13,16,64,29,4,21,8,44,78,Win
Inferno,03,09,2020,20,3384,15,15,64,35,3,17,6,57,90,Tie
Mirage,03,09,2020,41,3215,15,15,74,30,8,20,8,43,85,Tie
Inferno,02,09,2020,27,2169,6,16,67,17,5,12,2,35,50,Win
Overpass,02,09,2020,29,3207,15,15,101,30,2,21,2,26,70,Tie
Mirage,02,09,2020,32,2819,15,15,92,21,6,21,1,28,53,Tie
Dust II,01,09,2020,127,1809,16,6,54,9,3,19,2,55,25,Lost
Overpass,01,09,2020,129,1629,5,12,59,17,3,10,3,41,49,Win
Mirage,01,09,2020,20,3077,15,15,55,22,9,24,2,22,54,Tie
Overpass,31,08,2020,24,2862,12,16,60,29,8,21,3,44,70,Win
Mirage,31,08,2020,13,1911,6,16,61,27,5,9,6,46,64,Win
Inferno,30,08,2020,20,2307,16,11,104,20,2,21,4,75,49,Lost
Dust II,30,08,2020,31,2424,16,14,53,29,2,22,7,34,71,Win
Mirage,30,08,2020,15,2634,13,16,57,15,8,23,3,33,46,Lost
Dust II,29,08,2020,15,2251,10,16,61,24,5,16,1,33,66,Win
Mirage,29,08,2020,43,2795,16,14,61,19,8,21,2,26,51,Win
Mirage,29,08,2020,67,3095,16,14,60,29,7,17,5,17,72,Win
Inferno,21,08,2020,24,2539,16,10,56,10,6,21,2,20,31,Lost
Mirage,20,08,2020,17,2548,12,16,64,19,7,17,3,47,55,Win
Dust II,20,08,2020,22,2414,9,16,65,22,3,21,4,40,58,Lost
Overpass,19,08,2020,55,2602,16,9,61,17,5,20,4,29,48,Lost
Dust II,19,08,2020,35,2693,15,15,61,25,8,22,3,24,65,Tie
Mirage,19,08,2020,27,2393,9,16,70,20,2,12,3,30,50,Win
Inferno,19,08,2020,24,2467,16,9,60,15,6,20,3,6,46,Lost
Mirage,17,08,2020,57,2023,16,7,84,22,2,18,3,36,48,Lost
Dust II,17,08,2020,95,2053,16,8,68,9,5,22,1,55,29,Lost
Mirage,17,08,2020,90,2073,16,8,56,12,4,18,0,25,32,Lost
Mirage,17,08,2020,21,2861,13,16,74,12,6,21,2,41,39,Lost
Inferno,15,08,2020,23,3393,15,15,56,24,2,20,4,20,53,Tie
Dust II,15,08,2020,31,2185,9,16,60,22,4,15,2,31,52,Win
Mirage,13,08,2020,67,2177,16,8,85,20,5,19,4,20,50,Win
Inferno,13,08,2020,13,2219,4,16,78,19,0,13,3,5,43,Win
Inferno,12,08,2020,96,3171,15,15,63,21,4,21,2,33,51,Tie
Mirage,12,08,2020,56,2597,16,11,55,17,10,22,4,23,56,Lost
Dust II,12,08,2020,77,1395,2,16,78,16,4,10,2,31,40,Win
Mirage,09,08,2020,53,2470,16,11,92,28,1,18,4,50,72,Win
Dust II,09,08,2020,30,2166,10,16,77,26,9,16,4,42,71,Win
Overpass,09,08,2020,21,2866,13,16,103,16,8,22,3,31,44,Lost
Dust II,08,08,2020,15,3101,14,16,58,24,3,20,4,41,64,Win
Dust II,08,08,2020,64,1825,16,5,85,5,1,18,0,20,13,Lost
Inferno,08,08,2020,59,2048,7,16,104,8,3,19,1,12,23,Lost
Inferno,08,08,2020,59,2302,10,16,61,14,2,19,2,14,38,Win
Inferno,07,08,2020,79,2257,16,8,116,12,3,20,1,41,33,Lost
Overpass,07,08,2020,56,1993,16,4,99,7,0,18,1,28,18,Lost
Dust II,07,08,2020,28,2162,8,16,90,18,6,21,3,27,48,Lost
Inferno,06,08,2020,93,2079,5,16,77,15,6,11,4,26,42,Win
Mirage,06,08,2020,17,2474,11,16,54,24,7,19,3,37,62,Lost
Inferno,06,08,2020,24,2736,7,16,55,15,6,16,4,26,51,Win
Dust II,05,08,2020,48,2248,16,8,64,17,6,14,5,23,45,Win
Mirage,03,08,2020,91,2557,14,16,53,25,3,24,4,24,58,Lost
Dust II,03,08,2020,51,2596,15,15,82,30,3,19,3,30,72,Tie
Dust II,02,08,2020,22,2355,16,9,60,18,4,19,0,50,45,Lost
Inferno,02,08,2020,248,2613,10,16,59,33,6,13,6,30,83,Win
Inferno,02,08,2020,28,1252,16,1,76,18,4,6,4,5,45,Win
Mirage,02,08,2020,41,1970,5,16,80,21,5,11,6,38,56,Win
Dust II,01,08,2020,34,2193,16,9,85,21,4,15,3,42,61,Win
Overpass,01,08,2020,138,2925,15,15,60,31,7,21,2,35,76,Tie
Mirage,01,08,2020,45,2948,16,12,80,26,5,17,4,26,63,Lost
Dust II,31,07,2020,13,1919,6,16,80,13,6,12,2,23,51,Win
Inferno,31,07,2020,14,2229,8,16,57,17,3,18,3,41,39,Lost
Train,31,07,2020,98,1746,16,4,64,11,4,18,0,36,33,Lost
Mirage,31,07,2020,250,2900,15,15,61,28,4,22,4,39,69,Tie
Inferno,30,07,2020,15,3011,12,16,66,20,6,22,2,35,48,Lost
Dust II,30,07,2020,31,2611,16,10,61,30,7,18,4,40,70,Win
Mirage,30,07,2020,207,2019,4,16,70,23,5,12,7,30,63,Win
Overpass,28,07,2020,339,2725,14,16,57,29,7,20,4,27,71,Lost
Dust II,28,07,2020,82,1764,16,5,61,20,4,12,5,50,51,Win
Inferno,28,07,2020,27,1451,2,16,57,13,7,8,1,23,41,Win
Mirage,28,07,2020,29,2274,10,16,79,20,8,16,3,40,56,Win
Dust II,26,07,2020,265,2294,16,10,76,17,3,18,4,35,44,Win
Mirage,26,07,2020,32,2971,16,11,62,25,2,20,4,20,65,Lost
Mirage,26,07,2020,31,2521,16,9,72,18,0,20,1,44,39,Lost
Overpass,25,07,2020,12,3054,14,16,59,26,7,18,5,26,78,Win
Inferno,25,07,2020,223,2149,16,5,60,24,8,12,6,25,57,Win
Dust II,25,07,2020,191,2817,16,14,63,25,7,24,3,48,60,Lost
Mirage,25,07,2020,217,1902,16,3,73,15,4,9,1,20,37,Win
Dust II,24,07,2020,135,1743,6,16,59,22,6,14,4,36,66,Win
Overpass,24,07,2020,146,2973,16,11,56,24,5,15,6,20,67,Win
Mirage,24,07,2020,66,2736,15,15,78,31,7,23,6,32,82,Tie
Inferno,23,07,2020,11,3088,16,14,61,23,6,23,5,39,55,Win
Dust II,23,07,2020,187,2591,16,12,59,22,3,20,3,27,52,Win
Mirage,23,07,2020,29,2145,16,8,73,17,0,18,0,17,39,Lost
Overpass,22,07,2020,12,1979,5,16,61,24,4,12,5,37,64,Win
Inferno,22,07,2020,338,2359,16,8,62,26,4,13,8,30,64,Win
Dust II,22,07,2020,55,2715,16,12,60,13,5,24,1,42,34,Lost
Mirage,22,07,2020,290,2166,16,7,60,9,6,21,0,0,27,Lost
Mirage,21,07,2020,74,2551,16,8,61,27,2,20,7,42,69,Lost
Inferno,21,07,2020,167,2753,16,12,71,22,5,21,2,36,51,Lost
Mirage,21,07,2020,17,2763,14,16,59,26,4,20,6,34,68,Lost
Dust II,21,07,2020,15,2789,15,15,92,28,8,21,4,32,75,Tie
Inferno,20,07,2020,58,2598,16,7,69,19,6,19,2,42,47,Lost
Mirage,20,07,2020,33,2401,16,10,69,18,3,20,3,27,48,Lost
Mirage,20,07,2020,56,2278,16,9,55,17,5,14,3,27,55,Win
Inferno,16,07,2020,22,2986,13,16,62,22,3,16,3,40,60,Win
Mirage,16,07,2020,12,2946,16,13,83,21,5,21,3,23,53,Lost
Dust II,16,07,2020,61,2897,15,15,80,29,2,22,5,40,67,Tie
Dust II,12,07,2020,55,1964,4,16,64,15,5,16,0,13,37,Lost
Dust II,12,07,2020,17,2466,11,16,58,18,2,16,2,38,38,Lost
Inferno,12,07,2020,45,3154,13,16,63,26,4,17,4,50,67,Win
Mirage,09,07,2020,15,2864,13,16,67,21,4,20,5,33,60,Lost
Overpass,09,07,2020,38,843,0,16,69,13,0,0,3,69,28,Win
Dust II,09,07,2020,42,2593,13,16,66,13,4,24,1,38,38,Lost
Dust II,09,07,2020,12,2566,16,9,61,10,1,21,1,40,30,Lost
Mirage,06,07,2020,56,3024,15,15,74,33,5,19,7,30,80,Tie
Inferno,06,07,2020,66,1959,6,16,72,23,3,10,6,21,60,Win
Overpass,06,07,2020,51,1896,16,3,90,21,0,7,2,38,45,Win
Mirage,06,07,2020,13,2574,16,10,76,25,2,12,7,40,63,Win
Mirage,05,07,2020,33,2345,10,16,67,29,1,19,6,37,70,Lost
Inferno,05,07,2020,150,1534,10,6,73,18,1,8,3,27,39,Win
Dust II,05,07,2020,72,1991,5,16,64,33,3,11,6,30,88,Win
Mirage,04,07,2020,120,2840,16,13,63,27,4,23,6,33,71,Win
Mirage,04,07,2020,40,1481,16,2,56,17,4,7,2,44,42,Win
Dust II,04,07,2020,206,2298,12,16,56,14,7,21,0,28,41,Lost
Dust II,04,07,2020,38,2319,9,16,85,21,6,18,7,14,59,Win
Mirage,03,07,2020,37,2651,15,15,72,23,6,23,4,30,57,Tie
Dust II,03,07,2020,12,2570,16,12,64,29,5,17,5,43,78,Win
Overpass,03,07,2020,18,2348,7,16,75,25,3,11,4,23,60,Win
Dust II,02,07,2020,38,2297,16,10,58,21,4,21,3,9,49,Lost
Mirage,02,07,2020,42,2328,16,9,78,34,9,12,6,35,84,Win
Mirage,02,07,2020,319,2433,10,16,75,15,6,17,0,40,42,Lost
Mirage,01,07,2020,43,2341,16,8,0,18,5,19,1,47,47,Lost
Inferno,01,07,2020,10,2444,10,16,70,22,4,18,3,27,58,Win
Inferno,01,07,2020,14,3052,16,10,62,18,3,19,2,44,44,Lost
Dust II,01,07,2020,216,2547,11,16,58,29,8,18,7,31,73,Win
Inferno,30,06,2020,31,1392,16,2,76,21,0,7,5,33,47,Win
Dust II,30,06,2020,11,2259,16,12,59,21,5,20,4,38,57,Lost
Mirage,30,06,2020,228,2388,16,9,57,19,4,17,6,21,51,Win
Mirage,30,06,2020,25,2785,16,12,52,23,4,22,2,30,60,Lost
Inferno,29,06,2020,247,2670,10,16,58,16,8,22,3,18,46,Win
Mirage,29,06,2020,31,2371,16,9,77,25,1,16,5,28,55,Win
Inferno,29,06,2020,73,2848,14,16,56,25,5,23,4,20,57,Win
Overpass,29,06,2020,17,2045,16,3,52,9,4,18,1,44,24,Lost
Mirage,29,06,2020,22,2938,16,14,72,30,4,22,4,40,69,Win
Dust II,28,06,2020,103,2838,15,15,60,32,5,21,6,34,80,Tie
Overpass,28,06,2020,30,2529,16,8,60,19,4,17,5,42,49,Win
Mirage,28,06,2020,152,3071,16,14,70,32,3,20,6,31,78,Win
Mirage,28,06,2020,359,2587,16,11,70,23,4,20,3,39,54,Win
Dust II,20,06,2020,79,2396,9,16,0,5,3,8,0,16,13,Lost
Mirage,20,06,2020,23,2229,7,16,0,-1,1,2,0,0,0,Lost
Mirage,20,06,2020,57,1049,2,9,76,6,5,8,0,16,19,Win
Inferno,19,06,2020,26,3117,16,14,72,25,8,21,5,40,69,Win
Dust II,19,06,2020,71,2483,16,10,71,22,8,20,4,50,55,Win
Mirage,19,06,2020,31,2904,16,12,103,16,4,18,3,43,43,Win
Inferno,18,06,2020,23,3022,16,14,64,24,7,22,3,20,62,Lost
Mirage,18,06,2020,176,2788,16,11,72,18,4,20,4,26,50,Win
Overpass,18,06,2020,253,2480,16,8,66,23,6,21,1,34,56,Lost
Dust II,18,06,2020,216,1921,16,6,68,9,3,19,1,40,23,Lost
Dust II,17,06,2020,128,2440,12,16,63,17,8,20,4,35,55,Lost
Inferno,17,06,2020,15,2506,16,8,69,24,3,12,3,54,55,Win
Overpass,17,06,2020,28,2530,16,8,71,20,5,22,2,40,52,Lost
Mirage,17,06,2020,154,2167,6,16,83,22,6,14,3,45,58,Win
Mirage,17,06,2020,21,2454,12,16,76,19,5,22,4,21,56,Lost
Inferno,16,06,2020,22,2488,9,16,71,26,1,14,6,38,60,Win
Dust II,16,06,2020,139,1536,16,1,75,17,0,5,2,35,35,Win
Dust II,16,06,2020,69,2597,16,11,61,23,5,19,6,47,56,Win
Inferno,08,06,2020,64,2940,12,16,459,18,4,21,4,50,47,Lost
Mirage,08,06,2020,46,2707,16,12,108,24,2,20,4,50,62,Lost
Mirage,08,06,2020,20,1658,4,16,0,-4,0,6,0,0,0,Lost
Dust II,04,06,2020,48,2236,16,7,74,20,6,13,3,30,60,Win
Inferno,04,06,2020,31,3003,11,16,57,16,6,21,1,31,41,Lost
Mirage,04,06,2020,15,2942,16,13,55,32,4,21,3,21,79,Win
Mirage,03,06,2020,13,1541,1,16,94,14,5,7,3,21,45,Win
Inferno,03,06,2020,52,2797,11,16,70,26,5,17,6,34,79,Win
Overpass,03,06,2020,22,1718,16,2,75,21,3,9,3,42,47,Win
Dust II,02,06,2020,127,3082,15,15,58,22,1,21,6,31,53,Tie
Mirage,02,06,2020,11,2674,12,16,63,30,11,18,7,46,78,Win
Mirage,02,06,2020,24,2874,14,16,78,30,1,19,4,50,69,Win
Mirage,01,06,2020,28,2400,9,16,65,30,2,17,5,43,72,Win
Inferno,01,06,2020,62,3204,16,14,62,19,4,24,4,52,46,Win
Mirage,01,06,2020,97,1961,16,4,71,15,3,18,1,33,41,Lost
Mirage,31,05,2020,13,3066,16,13,55,36,4,16,6,19,82,Win
Mirage,31,05,2020,35,1863,16,4,66,19,7,11,5,52,51,Win
Dust II,31,05,2020,86,2698,14,16,65,19,6,21,3,60,49,Lost
Overpass,30,05,2020,13,2746,16,12,58,19,3,24,2,57,49,Lost
Dust II,30,05,2020,30,2149,7,16,63,17,3,12,3,52,54,Win
Inferno,30,05,2020,44,2925,15,15,83,30,6,18,2,33,74,Tie
Overpass,29,05,2020,23,2821,13,16,66,21,6,20,6,52,73,Win
Dust II,29,05,2020,12,3028,15,15,63,25,3,23,1,12,60,Tie
Mirage,29,05,2020,22,2600,12,16,63,15,7,19,3,40,47,Win
Mirage,29,05,2020,12,1728,4,16,63,7,3,19,0,42,17,Lost
Dust II,27,05,2020,40,2514,11,16,56,21,4,21,2,61,53,Lost
Dust II,27,05,2020,53,2010,16,10,81,19,3,16,2,26,41,Win
Mirage,26,05,2020,30,2790,16,13,62,26,4,23,1,34,61,Lost
Dust II,26,05,2020,34,2512,16,13,59,18,6,18,2,36,43,Win
Dust II,25,05,2020,27,2341,9,16,70,21,1,18,3,52,51,Lost
Mirage,25,05,2020,18,2177,16,10,57,18,5,20,2,27,46,Win
Mirage,25,05,2020,76,2266,16,8,58,20,6,20,2,50,57,Lost
Mirage,24,05,2020,15,1760,16,3,85,12,6,10,3,38,35,Win
Inferno,23,05,2020,12,2418,16,8,71,26,3,13,7,30,65,Win
Mirage,23,05,2020,13,2685,15,15,54,17,5,23,4,41,42,Tie
Mirage,22,05,2020,28,2898,16,13,77,24,2,19,4,52,54,Lost
Inferno,22,05,2020,10,2792,12,16,61,18,8,18,4,27,57,Win
Overpass,22,05,2020,27,2749,11,16,94,28,2,15,8,39,78,Win
Inferno,21,05,2020,18,2462,8,16,58,22,5,16,3,43,56,Win
Dust II,21,05,2020,19,2027,16,9,60,17,7,15,4,47,42,Win
Mirage,20,05,2020,12,2609,11,16,80,29,6,18,5,37,73,Lost
Inferno,20,05,2020,56,1349,10,2,69,10,2,6,2,20,22,Win
Dust II,19,05,2020,14,2000,8,16,57,22,6,13,6,45,58,Win
Mirage,19,05,2020,24,2505,9,16,79,32,1,17,4,43,70,Lost
Mirage,19,05,2020,97,2846,16,14,71,34,2,17,6,47,83,Win
Mirage,19,05,2020,38,3084,16,13,62,23,4,18,4,60,60,Win
Inferno,18,05,2020,42,2996,15,15,56,32,7,20,3,43,83,Tie
Inferno,18,05,2020,185,1943,3,16,60,19,2,18,1,73,40,Lost
Mirage,18,05,2020,150,1725,16,3,71,14,3,9,2,50,34,Win
Dust II,18,05,2020,225,729,16,0,63,19,3,1,4,63,41,Win
Mirage,14,05,2020,57,2312,16,7,75,22,4,19,2,40,53,Lost
Dust II,14,05,2020,16,1850,3,16,57,15,3,16,2,53,39,Win
Mirage,14,05,2020,28,2037,7,16,84,14,0,18,3,14,36,Lost
Mirage,13,05,2020,26,2685,10,16,70,19,6,14,4,42,61,Win
Inferno,10,04,2020,51,2085,4,16,80,9,3,16,1,44,24,Lost
Dust II,10,04,2020,46,2515,16,12,58,22,4,17,5,27,57,Lost
Inferno,02,04,2020,21,2438,16,10,63,23,3,20,4,43,54,Lost
Mirage,02,04,2020,37,2853,15,15,70,15,1,17,2,31,33,Tie
Mirage,30,03,2020,62,2806,12,16,65,15,5,22,1,60,45,Lost
Inferno,29,03,2020,143,3596,14,16,61,31,7,23,3,41,85,Lost
Overpass,29,03,2020,62,2649,16,11,61,17,3,23,3,41,45,Lost
Mirage,29,03,2020,76,1977,16,6,61,24,5,13,4,37,55,Win
Inferno,28,03,2020,113,2084,5,16,64,7,1,19,0,28,15,Lost
Dust II,28,03,2020,83,2277,16,11,82,17,3,21,2,47,45,Lost
Mirage,27,03,2020,236,2769,12,16,87,22,4,18,2,54,51,Win
Dust II,25,03,2020,12,2389,16,8,86,18,1,12,5,31,47,Win
Mirage,25,03,2020,44,2302,16,10,79,18,3,18,4,44,48,Win
Dust II,24,03,2020,14,2812,14,16,59,28,4,22,4,39,65,Lost
Mirage,24,03,2020,42,1121,0,16,82,20,9,7,4,35,63,Win
Mirage,24,03,2020,16,2087,8,16,76,16,4,18,3,31,49,Lost
Overpass,20,03,2020,71,2885,16,12,71,12,3,22,3,25,34,Lost
Mirage,20,03,2020,138,2688,15,15,105,24,3,22,2,50,54,Tie
Inferno,20,03,2020,116,1746,5,16,60,12,4,13,1,50,38,Win
Mirage,19,03,2020,33,2705,16,12,81,21,6,19,6,33,60,Win
Inferno,19,03,2020,10,3026,9,16,65,20,9,15,4,25,55,Win
Dust II,19,03,2020,44,2275,16,9,74,21,5,18,2,23,51,Win
Mirage,18,03,2020,14,2451,10,16,62,17,6,21,2,35,44,Lost
Dust II,18,03,2020,30,2153,16,12,80,32,2,19,5,53,68,Lost
Dust II,18,03,2020,32,2539,15,15,68,17,3,22,3,58,42,Tie
Mirage,17,03,2020,74,2564,16,9,60,32,7,15,9,31,91,Win
Inferno,17,03,2020,56,2300,9,16,72,16,5,18,4,6,37,Lost
Mirage,17,03,2020,13,2851,15,15,62,39,2,17,7,2,92,Tie
Inferno,15,03,2020,251,2253,16,7,72,14,4,21,2,28,39,Lost
Inferno,15,03,2020,110,3287,16,12,74,13,2,22,1,53,38,Lost
Mirage,15,03,2020,21,1778,16,4,67,13,3,18,0,53,36,Lost
Mirage,14,03,2020,314,3019,15,15,103,31,8,19,3,38,75,Tie
Inferno,14,03,2020,22,2831,13,16,77,28,6,19,3,46,69,Win
Mirage,11,03,2020,108,2522,11,16,65,29,4,18,6,44,78,Win
Dust II,03,03,2020,185,3192,15,15,84,15,4,20,3,20,45,Tie
Inferno,03,03,2020,140,2432,16,5,81,18,3,18,2,50,47,Lost
Inferno,03,03,2020,52,2918,16,13,87,25,7,21,4,36,63,Lost
Inferno,02,03,2020,53,2810,15,15,99,20,5,18,3,15,55,Tie
Inferno,01,03,2020,118,2714,16,12,87,18,6,20,2,38,44,Lost
Mirage,01,03,2020,56,1758,6,16,80,23,5,14,4,30,54,Win
Dust II,01,03,2020,35,1554,16,3,88,20,10,9,4,20,54,Win
Inferno,01,03,2020,13,2597,16,7,87,21,3,14,3,19,50,Win
Mirage,29,02,2020,55,2123,7,16,123,19,3,18,3,25,43,Lost
Dust II,29,02,2020,34,1602,16,3,80,8,1,17,0,37,21,Lost
Inferno,29,02,2020,21,3210,15,15,81,26,11,24,6,23,74,Tie
Mirage,29,02,2020,189,3126,16,14,92,31,2,20,2,38,72,Win
Overpass,28,02,2020,49,2849,12,16,78,22,4,16,2,18,63,Win
Mirage,28,02,2020,16,2182,16,11,81,19,1,21,4,36,49,Lost
Mirage,28,02,2020,25,1788,6,16,80,21,2,12,5,38,50,Win
Inferno,28,02,2020,103,3372,16,12,78,25,3,19,5,28,64,Win
Inferno,28,02,2020,18,144,0,3,110,1,0,2,0,0,2,Win
Inferno,28,02,2020,22,2591,10,16,103,19,4,17,3,20,48,Win
Mirage,28,02,2020,72,2089,16,9,73,9,3,24,0,66,25,Lost
Mirage,27,02,2020,78,2744,15,15,110,35,3,20,6,31,86,Tie
Dust II,27,02,2020,72,1864,6,16,90,9,4,21,0,33,24,Lost
Dust II,25,02,2020,59,2707,16,8,88,17,3,20,3,33,48,Lost
Mirage,25,02,2020,13,2728,15,15,90,19,6,25,1,15,49,Tie
Inferno,25,02,2020,11,2502,16,5,106,21,2,19,1,47,47,Lost
Mirage,25,02,2020,30,2348,9,16,101,16,5,21,2,25,44,Lost
Inferno,24,02,2020,29,3033,15,15,69,26,8,22,2,42,66,Tie
Mirage,24,02,2020,23,2811,13,16,70,15,5,23,1,6,41,Lost
Mirage,24,02,2020,61,2520,16,7,79,21,1,15,3,38,45,Win
Dust II,23,02,2020,21,2136,6,16,105,15,3,11,3,40,41,Win
Overpass,23,02,2020,68,718,2,7,80,5,1,4,1,20,14,Win
Mirage,23,02,2020,18,2740,12,16,84,19,5,22,5,52,51,Win
Inferno,23,02,2020,10,2416,7,16,87,26,1,16,4,42,60,Win
Dust II,22,02,2020,29,1788,5,16,71,10,0,19,0,30,20,Lost
Overpass,22,02,2020,66,2528,11,16,101,29,1,16,4,48,75,Win
Mirage,22,02,2020,45,1812,2,16,91,21,2,10,3,47,52,Win
Dust II,22,02,2020,93,3238,16,14,112,21,6,19,4,39,55,Win
Inferno,22,02,2020,50,3224,12,16,78,25,5,21,5,44,60,Lost
Mirage,22,02,2020,12,2269,16,9,100,22,1,15,6,40,57,Win
Nuke,22,02,2020,13,2834,13,16,100,29,6,20,4,31,77,Lost
Train,22,02,2020,71,837,6,2,92,5,0,2,1,40,11,Win
Mirage,22,02,2020,12,2676,16,10,89,31,9,17,7,54,80,Win
Inferno,22,02,2020,48,2823,16,11,87,26,6,18,3,23,65,Win
Dust II,22,02,2020,20,2702,11,16,83,23,3,17,5,30,57,Win
Overpass,22,02,2020,15,2986,13,16,73,23,4,20,2,26,57,Win
Overpass,20,02,2020,42,2985,14,16,82,25,3,22,4,56,67,Lost
Inferno,20,02,2020,222,2124,4,16,88,24,5,13,8,41,56,Win
Mirage,20,02,2020,24,2516,12,16,99,27,5,21,3,33,59,Win
Dust II,20,02,2020,104,2677,16,13,85,34,5,20,0,38,85,Lost
Dust II,20,02,2020,181,1946,16,8,90,20,4,17,2,15,46,Lost
Inferno,15,02,2020,448,2880,16,11,76,25,1,20,6,36,57,Lost
Dust II,14,02,2020,52,1561,1,16,86,23,2,11,3,43,58,Win
Mirage,14,02,2020,23,2506,16,12,98,18,4,18,6,38,57,Win
Dust II,14,02,2020,18,2266,9,16,101,24,3,15,4,29,64,Win
Mirage,12,02,2020,49,1953,6,16,82,18,1,17,2,44,37,Lost
Mirage,11,02,2020,99,2259,7,16,80,17,1,14,1,11,37,Win
Dust II,11,02,2020,100,2150,16,8,82,19,4,20,3,42,46,Lost
Inferno,11,02,2020,63,1749,16,2,85,16,3,8,4,47,42,Win
Dust II,08,02,2020,102,2752,13,16,71,19,6,21,4,42,56,Win
Mirage,08,02,2020,39,2933,14,16,95,27,5,22,2,44,64,Lost
Overpass,07,02,2020,78,2059,16,4,93,8,4,17,0,44,24,Lost
Mirage,07,02,2020,168,2743,16,12,86,21,2,23,4,59,51,Lost
Dust II,07,02,2020,14,2819,16,14,78,27,3,20,4,29,70,Lost
Nuke,07,02,2020,38,2465,10,16,97,20,3,18,4,50,61,Win
Dust II,07,02,2020,100,1972,7,16,89,17,5,14,2,23,46,Win
Overpass,07,02,2020,59,2655,9,16,80,13,5,19,2,28,35,Win
Overpass,07,02,2020,279,2205,16,6,78,11,3,20,2,27,27,Lost
Mirage,07,02,2020,16,2680,16,14,75,14,13,26,2,42,41,Lost
Nuke,06,02,2020,263,2245,9,16,68,19,6,20,5,36,50,Lost
Dust II,06,02,2020,12,3060,14,16,103,29,7,21,5,34,79,Win
Inferno,06,02,2020,162,2607,10,16,83,27,2,17,5,42,68,Win
Inferno,02,02,2020,132,2502,7,16,94,20,5,16,4,45,59,Lost
Overpass,02,02,2020,55,1537,15,1,104,12,6,5,2,8,32,Win
Dust II,02,02,2020,202,2646,13,16,92,24,5,23,3,20,59,Lost
Mirage,02,02,2020,15,2481,16,13,95,19,6,18,1,21,52,Win
Dust II,02,02,2020,25,2687,16,14,93,21,8,17,2,38,55,Win
Dust II,01,02,2020,97,2233,16,10,79,12,4,21,1,16,32,Lost
Mirage,01,02,2020,22,2631,16,9,98,27,5,15,7,14,65,Win
Nuke,01,02,2020,103,3265,14,16,87,20,6,21,1,35,51,Win
Inferno,01,02,2020,57,2574,10,16,86,23,6,19,4,26,60,Win
Nuke,31,01,2020,58,2987,16,10,84,26,6,19,4,23,63,Win
Train,31,01,2020,264,2013,16,6,80,11,4,20,1,36,28,Lost
Inferno,31,01,2020,23,2757,16,12,93,22,7,24,1,40,52,Lost
Mirage,31,01,2020,11,1997,7,16,117,19,2,19,2,21,41,Lost
Mirage,31,01,2020,202,2676,15,15,81,31,9,22,7,32,79,Tie
Dust II,30,01,2020,223,2756,16,14,82,25,2,22,5,37,56,Lost
Dust II,30,01,2020,25,2521,11,16,79,21,3,17,4,13,50,Win
Mirage,30,01,2020,11,3059,15,15,80,27,4,21,6,51,64,Tie
Overpass,30,01,2020,17,3072,16,14,77,18,5,24,3,40,46,Lost
Mirage,30,01,2020,80,2752,16,12,79,31,3,20,6,25,86,Lost
Inferno,30,01,2020,37,2873,16,10,78,17,3,18,3,29,40,Lost
Inferno,29,01,2020,85,2120,16,6,78,10,3,21,1,45,28,Lost
Mirage,29,01,2020,73,2837,16,12,103,35,7,21,6,34,86,Win
Mirage,29,01,2020,53,2761,15,15,100,27,8,22,5,35,78,Tie
Inferno,28,01,2020,21,1722,16,2,93,4,2,11,1,40,14,Win
Overpass,28,01,2020,190,1704,16,3,87,8,1,17,1,25,21,Lost
Mirage,28,01,2020,74,1921,16,3,221,12,1,17,0,50,32,Lost
Dust II,28,01,2020,21,2328,10,16,86,30,6,16,7,30,80,Win
Overpass,26,01,2020,469,2985,15,15,76,30,8,24,5,36,77,Tie
Mirage,26,01,2020,15,2450,9,16,78,27,4,19,6,34,69,Win
Mirage,26,01,2020,14,1591,6,13,81,9,6,13,1,44,33,Win
Inferno,26,01,2020,42,1645,16,2,75,16,6,16,0,43,40,Lost
Mirage,26,01,2020,13,2156,7,16,77,23,1,12,6,47,58,Win
Dust II,26,01,2020,152,2700,16,13,84,11,5,23,0,27,27,Lost
Mirage,26,01,2020,161,2510,11,16,106,9,2,19,3,33,27,Win
Nuke,25,01,2020,217,2605,15,15,79,17,6,23,0,44,45,Tie
Inferno,25,01,2020,111,2560,16,10,79,11,3,22,1,35,29,Lost
Mirage,25,01,2020,12,2758,16,13,0,-1,0,2,0,0,0,Lost
Overpass,25,01,2020,64,2323,16,8,77,19,7,19,2,50,52,Win
Mirage,25,01,2020,62,1954,7,16,122,21,5,14,3,43,57,Win
Dust II,25,01,2020,18,1942,8,16,81,15,8,15,3,53,43,Win
Inferno,25,01,2020,134,2952,16,12,81,22,7,17,4,34,64,Win
Mirage,23,01,2020,112,2315,16,10,94,22,5,20,1,50,54,Lost
Dust II,23,01,2020,91,2760,14,16,81,27,2,22,3,22,60,Lost
Inferno,21,01,2020,212,3035,15,15,90,23,3,21,4,13,66,Tie
Dust II,21,01,2020,33,2182,8,16,92,14,2,16,2,40,37,Lost
Inferno,20,01,2020,50,2933,11,16,91,21,3,19,5,42,52,Win
Overpass,20,01,2020,76,2475,10,16,80,20,8,16,3,50,63,Win
Overpass,17,01,2020,269,2352,16,6,78,15,4,18,2,40,42,Lost
Inferno,17,01,2020,120,2407,16,9,89,19,5,18,3,57,50,Win
Dust II,17,01,2020,57,2372,8,16,90,19,2,19,0,36,42,Lost
Inferno,17,01,2020,81,1592,16,1,129,4,2,17,0,75,10,Lost
Dust II,17,01,2020,57,2111,8,16,134,17,6,20,3,52,48,Lost
Mirage,17,01,2020,16,1901,8,16,91,20,2,14,4,50,48,Win
Inferno,17,01,2020,86,3111,15,15,69,19,9,26,3,36,50,Tie
Dust II,16,01,2020,151,2695,10,16,89,24,2,20,4,37,63,Lost
Mirage,16,01,2020,58,3036,15,15,67,27,5,23,4,25,63,Tie
Inferno,16,01,2020,142,2068,16,6,104,11,5,20,1,54,27,Lost
Mirage,16,01,2020,14,2608,16,10,86,23,1,22,4,47,53,Lost
Dust II,16,01,2020,85,2301,16,7,104,19,4,14,4,21,47,Win
Inferno,15,01,2020,124,2840,13,16,120,15,9,21,1,46,42,Win
Inferno,13,01,2020,13,2595,11,16,64,24,2,20,2,37,50,Lost
Dust II,13,01,2020,20,2853,15,15,111,15,2,25,2,60,33,Tie
Mirage,11,01,2020,22,2774,13,16,89,22,3,23,5,54,53,Lost
Mirage,11,01,2020,13,1970,16,5,97,11,5,17,3,45,32,Lost
Dust II,11,01,2020,71,1918,16,7,81,16,0,17,1,37,34,Lost
Inferno,10,01,2020,12,3478,15,15,85,12,1,22,1,46,29,Tie
Cache,10,01,2020,30,2221,8,16,79,16,2,15,6,56,47,Win
Overpass,10,01,2020,13,2004,6,16,101,14,3,15,1,64,37,Lost
Inferno,10,01,2020,71,1915,16,8,70,30,7,11,4,43,71,Win
Mirage,10,01,2020,57,2709,12,16,97,20,6,22,4,20,54,Win
Dust II,10,01,2020,16,2815,15,15,77,33,2,18,3,24,73,Tie
Inferno,09,01,2020,171,2667,16,9,76,12,6,19,1,25,31,Lost
Train,09,01,2020,96,2886,13,16,91,17,1,19,2,44,48,Lost
Mirage,09,01,2020,11,1346,3,11,110,12,4,8,2,41,42,Win
Mirage,09,01,2020,84,2835,14,16,81,13,3,25,0,50,31,Lost
Dust II,08,01,2020,66,2355,16,12,94,23,3,19,5,26,53,Win
Dust II,08,01,2020,17,2417,16,13,88,27,4,19,7,33,75,Win
Inferno,08,01,2020,64,2881,16,12,69,16,6,19,2,35,43,Win
Mirage,08,01,2020,167,2926,16,13,119,22,2,21,2,59,56,Lost
Inferno,07,01,2020,72,2790,15,15,95,19,3,22,6,52,55,Tie
Dust II,07,01,2020,33,2287,16,9,77,22,3,15,6,36,53,Win
Mirage,07,01,2020,11,2783,16,13,94,27,2,18,5,37,67,Win
Inferno,06,01,2020,19,3147,16,14,82,15,4,20,1,40,43,Win
Overpass,06,01,2020,88,1898,16,5,90,19,4,18,3,52,55,Lost
Mirage,06,01,2020,15,3032,16,14,89,14,3,25,3,64,34,Lost
Dust II,06,01,2020,28,2493,16,9,72,17,3,22,1,52,43,Lost
Mirage,05,01,2020,106,2477,13,16,85,21,3,22,3,61,51,Lost
Mirage,05,01,2020,86,2350,9,16,73,20,6,14,6,55,64,Win
Mirage,03,01,2020,103,1854,6,16,82,27,2,10,7,40,68,Win
Mirage,03,01,2020,140,2295,8,16,75,20,2,17,4,55,52,Win
Inferno,03,01,2020,236,2132,16,6,72,15,5,17,1,33,40,Lost
Mirage,03,01,2020,131,2699,16,14,77,24,4,24,3,41,56,Lost
Mirage,02,01,2020,61,3019,16,14,87,23,3,25,3,43,52,Win
Overpass,02,01,2020,291,2519,11,16,84,21,3,20,4,52,56,Lost
Inferno,01,01,2020,147,2558,11,16,94,23,9,16,3,47,57,Win
Mirage,01,01,2020,19,1867,16,5,102,25,0,10,6,52,53,Win
Dust II,01,01,2020,106,2350,16,10,86,29,3,16,7,44,71,Win
Dust II,01,01,2020,80,1921,16,6,102,10,6,18,0,50,31,Lost
Dust II,31,12,2019,54,2751,15,15,74,19,5,22,4,36,48,Tie
Inferno,31,12,2019,64,2348,16,9,79,16,5,17,3,43,43,Win
Dust II,30,12,2019,85,2846,14,16,82,20,1,24,3,50,45,Lost
Mirage,30,12,2019,95,2703,16,12,86,25,4,19,2,48,57,Lost
Mirage,29,12,2019,250,2173,16,7,82,15,2,13,4,31,38,Win
Mirage,29,12,2019,139,2476,16,10,88,20,2,17,3,40,54,Win
Mirage,29,12,2019,12,2044,6,16,0,16,4,19,2,52,38,Lost
Inferno,29,12,2019,58,2971,10,16,86,22,4,16,5,77,59,Win
Overpass,29,12,2019,51,2649,16,11,73,35,2,15,4,40,78,Win
Dust II,29,12,2019,84,2316,16,10,94,18,5,22,1,55,42,Lost
Dust II,28,12,2019,84,2786,15,15,69,22,7,25,3,59,55,Tie
Mirage,28,12,2019,116,2242,16,6,79,13,2,17,3,28,36,Lost
Inferno,28,12,2019,41,3116,16,13,73,28,5,18,8,34,80,Lost
Mirage,28,12,2019,25,3160,14,16,67,21,4,23,2,47,53,Lost
Train,28,12,2019,137,2027,16,7,111,11,1,19,2,38,31,Lost
Inferno,28,12,2019,12,2401,16,9,75,17,4,17,2,47,44,Win
Overpass,28,12,2019,20,2914,13,16,94,25,5,23,2,24,60,Win
Dust II,28,12,2019,64,2789,15,15,84,26,3,19,4,42,62,Tie
Overpass,28,12,2019,20,2681,16,11,69,29,4,19,4,37,77,Win
Inferno,28,12,2019,16,2326,9,16,80,24,1,18,2,45,52,Lost
Dust II,17,12,2019,121,2563,16,10,72,16,4,19,2,50,39,Win
Mirage,14,12,2019,186,1646,3,16,85,11,2,15,1,25,24,Lost
Mirage,14,12,2019,65,2225,16,8,127,18,0,19,0,22,38,Lost
Dust II,14,12,2019,24,2967,15,15,868,25,4,20,4,56,62,Tie
Mirage,11,12,2019,70,2788,16,12,71,14,7,20,3,21,47,Lost
Mirage,11,12,2019,78,2183,16,7,90,14,5,16,2,42,39,Win
Dust II,11,12,2019,72,2242,13,16,79,31,3,17,4,29,69,Win
Inferno,11,12,2019,94,3594,14,16,62,17,6,28,2,52,44,Lost
Inferno,11,12,2019,10,3400,14,16,91,30,4,21,5,43,78,Win
Dust II,10,12,2019,76,2080,9,16,73,19,3,17,4,47,53,Lost
Dust II,10,12,2019,53,2777,16,12,95,27,3,23,2,37,68,Lost
Inferno,09,12,2019,87,3087,15,15,66,18,3,23,4,33,46,Tie
Overpass,09,12,2019,42,2231,8,16,65,17,7,12,5,29,58,Win
Inferno,09,12,2019,104,2824,12,16,65,23,4,20,3,43,55,Win
Overpass,03,12,2019,36,2836,14,16,82,30,3,18,6,23,72,Win
Inferno,03,12,2019,19,2654,16,11,80,22,3,16,2,36,54,Win
Mirage,03,12,2019,110,3138,15,15,82,13,4,25,2,15,37,Tie
Mirage,01,12,2019,48,1351,3,16,83,23,3,7,4,26,55,Win
Inferno,01,12,2019,174,1658,16,5,72,19,4,10,3,36,44,Win
Inferno,01,12,2019,462,2216,6,16,77,30,3,9,8,23,80,Win
Overpass,01,12,2019,261,2326,6,16,86,27,5,14,6,40,67,Win
Mirage,01,12,2019,230,2535,16,12,79,27,4,20,6,33,74,Lost
Dust II,01,12,2019,137,2246,16,8,79,18,2,21,1,55,50,Lost
Inferno,01,12,2019,13,2519,16,12,79,24,2,23,5,41,61,Lost
Dust II,01,12,2019,13,1965,8,16,78,23,4,20,3,29,53,Lost
Dust II,01,12,2019,228,2685,16,13,72,26,5,18,6,50,65,Lost
Inferno,01,12,2019,69,2653,16,10,86,23,2,16,5,30,64,Win
Train,01,12,2019,68,2146,16,7,90,20,4,17,5,20,53,Lost
Dust II,01,12,2019,63,2089,5,16,117,12,4,16,2,33,38,Win
Mirage,01,12,2019,120,2182,16,9,79,23,6,20,5,39,57,Lost
Dust II,30,11,2019,24,2655,12,16,109,26,3,20,1,46,65,Lost
Inferno,30,11,2019,139,3003,15,15,88,11,2,21,2,18,32,Tie
Mirage,30,11,2019,57,2596,16,12,80,17,5,23,2,35,49,Lost
Mirage,30,11,2019,109,2342,10,16,83,18,1,22,3,38,42,Lost
Dust II,30,11,2019,251,2923,16,14,75,23,7,24,5,43,64,Lost
Inferno,30,11,2019,56,2139,2,16,85,17,2,12,3,47,43,Win
Overpass,29,11,2019,112,2669,10,16,78,22,1,20,2,31,50,Lost
Inferno,29,11,2019,175,2282,8,16,88,29,3,14,4,34,75,Win
Dust II,29,11,2019,32,1661,16,6,74,16,0,19,1,31,37,Lost
Dust II,29,11,2019,24,1903,7,16,83,13,3,19,1,53,33,Lost
Inferno,29,11,2019,346,2430,9,16,83,24,5,14,2,37,63,Win
Dust II,29,11,2019,93,3051,13,16,102,25,4,21,5,23,57,Win
Mirage,29,11,2019,64,2240,16,8,77,18,5,21,1,55,47,Lost
Overpass,28,11,2019,29,3178,15,15,80,29,3,23,4,27,70,Tie
Dust II,28,11,2019,62,2989,16,14,83,35,1,22,5,31,74,Lost
Mirage,28,11,2019,134,2172,16,10,110,16,2,18,2,37,44,Lost
Inferno,28,11,2019,67,2170,16,7,74,22,2,18,4,40,53,Lost
Dust II,27,11,2019,201,2149,16,8,81,24,3,20,2,20,53,Lost
Overpass,27,11,2019,240,2059,16,6,85,23,1,10,5,21,54,Win
Mirage,27,11,2019,13,1801,6,16,87,20,4,14,4,45,46,Win
Inferno,27,11,2019,53,2273,16,8,71,40,1,12,9,45,82,Win
Inferno,27,11,2019,63,2770,16,8,71,25,5,17,5,40,61,Win
Dust II,26,11,2019,132,2150,16,8,87,22,8,16,4,50,54,Win
Dust II,26,11,2019,166,2667,16,10,83,19,3,17,3,31,49,Win
Overpass,26,11,2019,22,1989,16,4,84,19,5,11,5,31,43,Win
Mirage,26,11,2019,70,3255,13,16,80,16,4,21,4,37,46,Win
Dust II,25,11,2019,16,2591,15,15,81,30,4,19,6,46,73,Tie
Dust II,25,11,2019,22,2607,16,10,68,25,3,19,4,36,65,Lost
Dust II,24,11,2019,250,2048,16,9,68,16,5,18,3,68,39,Win
Dust II,24,11,2019,250,2256,16,9,78,18,3,17,3,22,42,Win
Inferno,23,11,2019,230,2786,16,10,74,23,2,20,5,34,57,Win
Inferno,23,11,2019,143,2544,9,16,74,19,5,16,1,21,51,Lost
Overpass,23,11,2019,223,1926,16,4,70,17,1,16,2,47,48,Lost
Dust II,23,11,2019,179,2524,16,14,76,22,3,23,3,31,49,Lost
Mirage,23,11,2019,75,1759,5,16,68,17,3,13,5,41,48,Win
Dust II,23,11,2019,122,3076,15,15,81,23,5,15,6,30,63,Tie
Overpass,22,11,2019,103,2957,16,11,75,18,8,21,2,27,45,Lost
Inferno,22,11,2019,97,2092,16,6,76,14,2,17,3,35,37,Lost
Mirage,22,11,2019,88,2749,16,12,88,17,8,22,2,29,45,Lost
Inferno,22,11,2019,53,2800,12,16,110,18,6,20,2,33,47,Win
Dust II,19,11,2019,96,2362,16,13,69,24,5,21,3,62,60,Lost
Mirage,19,11,2019,63,2260,12,16,73,20,4,17,2,40,49,Win
Dust II,19,11,2019,43,2011,8,16,76,16,7,16,1,18,46,Win
Dust II,19,11,2019,12,2447,9,16,91,27,2,16,2,40,61,Win
Mirage,13,11,2019,185,2364,16,7,71,9,9,20,1,77,29,Lost
Overpass,13,11,2019,82,2561,11,16,72,30,8,21,3,26,73,Win
Mirage,12,11,2019,83,2823,11,16,81,26,5,19,5,50,64,Win
Mirage,12,11,2019,52,2404,8,16,75,19,4,16,4,47,54,Win
Mirage,11,11,2019,94,2138,16,11,65,26,2,16,4,38,62,Win
Mirage,08,11,2019,64,1932,16,5,77,14,4,12,2,21,40,Win
Overpass,08,11,2019,66,3106,16,14,73,24,4,20,5,50,60,Lost
Inferno,08,11,2019,12,3217,13,16,84,26,5,23,3,46,64,Lost
Mirage,08,11,2019,94,2920,15,15,95,30,5,20,3,46,74,Tie
Overpass,08,11,2019,148,2479,16,10,117,23,4,21,3,26,54,Lost
Inferno,06,11,2019,125,2472,16,9,122,24,4,19,3,45,53,Lost
Inferno,05,11,2019,29,2721,14,16,82,26,3,20,6,42,59,Win
Dust II,05,11,2019,43,1932,16,6,80,13,6,13,2,46,38,Win
Train,05,11,2019,63,3101,15,15,86,28,5,17,2,25,66,Tie
Dust II,05,11,2019,101,2597,15,15,113,19,4,21,4,47,50,Tie
Dust II,04,11,2019,100,2894,12,16,94,16,2,19,4,50,45,Win
Dust II,04,11,2019,14,2416,11,16,110,32,1,17,7,46,69,Win
Mirage,04,11,2019,16,2696,12,16,84,25,5,21,2,40,56,Win
Mirage,03,11,2019,104,2904,15,15,77,20,3,20,2,23,59,Tie
Mirage,02,11,2019,103,3036,16,13,78,27,3,20,3,51,64,Lost
Mirage,01,11,2019,42,2927,14,16,81,27,5,21,3,37,63,Win
Dust II,01,11,2019,226,1673,16,3,79,20,8,10,4,40,51,Win
Mirage,01,11,2019,240,2521,15,15,140,28,3,19,5,25,68,Tie
Overpass,01,11,2019,62,787,16,0,85,18,7,0,3,33,43,Win
Dust II,01,11,2019,34,2812,16,11,75,16,2,24,2,25,37,Lost
Inferno,31,10,2019,242,2822,16,10,84,20,3,19,2,50,52,Lost
Mirage,30,10,2019,78,2938,16,13,91,27,4,20,2,37,67,Win
Overpass,27,10,2019,26,2200,16,5,69,12,1,17,1,61,31,Lost
Dust II,27,10,2019,66,1515,16,3,93,14,1,12,2,42,29,Win
Dust II,26,10,2019,122,2181,9,16,88,18,4,16,2,44,45,Win
Train,25,10,2019,48,2664,14,16,79,19,5,23,3,57,46,Lost
Overpass,25,10,2019,17,2360,8,16,89,12,3,21,1,33,29,Lost
Dust II,25,10,2019,135,1986,6,16,74,18,4,11,2,33,47,Win
Overpass,25,10,2019,68,3162,16,13,79,19,5,21,3,36,56,Win
Inferno,24,10,2019,165,2784,16,13,74,22,2,20,4,50,61,Lost
Inferno,24,10,2019,62,2700,16,11,83,22,6,21,3,31,53,Lost
Dust II,24,10,2019,58,2268,16,8,77,16,3,18,3,37,41,Lost
Dust II,23,10,2019,90,2405,16,9,100,20,5,22,3,60,48,Lost
Overpass,23,10,2019,108,2748,16,13,112,37,4,15,6,56,88,Win
Mirage,23,10,2019,71,2487,16,10,82,15,1,22,1,66,34,Lost
Dust II,20,10,2019,75,2638,15,15,83,12,2,18,1,33,29,Tie
Mirage,20,10,2019,17,2869,15,15,85,23,2,20,3,45,55,Tie
Inferno,20,10,2019,65,3074,14,16,79,25,4,18,4,48,65,Win
Inferno,19,10,2019,68,2544,16,11,77,18,2,17,5,22,55,Lost
Dust II,19,10,2019,39,2355,9,16,78,26,5,15,4,50,67,Win
Train,19,10,2019,19,1983,16,5,74,19,1,18,2,47,39,Lost
Dust II,18,10,2019,63,2407,16,12,71,22,2,19,1,40,59,Lost
Dust II,18,10,2019,26,2777,15,15,76,25,8,20,1,32,61,Tie
Dust II,18,10,2019,89,2495,16,12,79,15,5,22,2,20,41,Lost
Cache,17,10,2019,54,2314,8,16,93,15,2,20,2,20,35,Lost
Inferno,17,10,2019,11,1889,16,3,67,9,0,18,0,44,21,Lost
Cache,17,10,2019,106,2302,16,9,73,23,8,18,5,39,57,Win
Mirage,17,10,2019,18,2928,16,13,74,18,5,23,2,55,47,Lost
Cache,17,10,2019,122,2728,11,16,99,36,2,19,8,30,84,Win
Mirage,17,10,2019,25,1859,6,16,63,17,2,13,2,38,42,Win
Dust II,17,10,2019,232,1520,16,2,74,19,4,8,2,36,42,Win
Cache,17,10,2019,170,2244,16,8,78,28,6,13,4,37,65,Win
Dust II,17,10,2019,15,1758,3,16,73,17,0,15,0,35,35,Lost
Mirage,17,10,2019,83,2439,10,16,73,25,7,18,3,68,61,Win
Mirage,17,10,2019,11,2153,8,16,74,19,2,13,3,42,46,Win
Mirage,16,10,2019,35,2483,16,11,109,22,3,22,4,54,50,Lost
Mirage,16,10,2019,11,2648,12,16,120,26,10,21,5,50,65,Lost
Overpass,16,10,2019,169,3051,16,11,93,27,6,18,5,29,66,Win
Dust II,15,10,2019,24,2335,9,16,76,15,2,18,1,46,38,Lost
Dust II,15,10,2019,65,1618,3,16,76,17,3,10,1,58,44,Win
Mirage,14,10,2019,131,2413,16,9,67,19,2,17,2,26,45,Lost
Dust II,14,10,2019,17,2365,10,16,73,24,7,15,4,29,63,Win
Mirage,14,10,2019,90,2682,16,12,69,15,6,20,2,33,44,Lost
Cache,14,10,2019,49,2636,14,16,76,25,2,20,3,36,55,Win
Dust II,14,10,2019,42,2485,16,13,110,28,4,18,2,34,64,Win
Cache,14,10,2019,204,2344,16,9,85,15,3,19,2,33,34,Lost
Cache,13,10,2019,123,2261,8,16,73,29,4,16,4,24,69,Win
Cache,13,10,2019,56,2715,15,15,76,19,4,26,2,36,50,Tie
Mirage,05,10,2019,134,2202,10,16,110,22,6,19,3,22,58,Lost
Dust II,05,10,2019,83,2514,11,16,110,24,11,23,3,41,62,Lost
Dust II,04,10,2019,188,1885,16,6,68,36,5,11,9,47,83,Win
Mirage,04,10,2019,132,2075,16,10,93,18,3,14,3,38,49,Win
Cache,03,10,2019,101,2706,15,15,60,27,4,21,5,37,71,Tie
Overpass,29,09,2019,202,2606,16,8,76,29,5,16,4,37,70,Win
Overpass,29,09,2019,44,2183,16,6,64,25,2,18,1,40,61,Lost
Inferno,29,09,2019,116,3200,16,14,85,16,6,20,2,56,43,Win
Cache,29,09,2019,45,3121,15,15,116,37,7,18,8,43,98,Tie
Cache,28,09,2019,85,2300,16,9,85,20,2,18,2,35,47,Lost
Overpass,28,09,2019,128,2685,16,11,72,26,3,14,6,34,73,Win
Mirage,28,09,2019,30,1659,16,3,0,9,1,7,2,40,29,Lost
Dust II,27,09,2019,90,2557,16,14,67,27,3,25,1,40,59,Lost
Inferno,27,09,2019,41,1569,1,16,69,31,3,9,9,38,74,Win
Mirage,27,09,2019,89,1697,4,16,87,25,6,10,5,52,58,Win
Mirage,27,09,2019,63,2940,16,12,75,33,2,16,6,45,82,Win
Inferno,27,09,2019,172,1992,16,4,83,24,3,12,6,37,55,Win
Dust II,26,09,2019,171,1763,3,16,132,25,8,7,8,48,72,Win
Dust II,26,09,2019,89,1958,7,16,113,15,1,17,2,46,38,Lost
Dust II,25,09,2019,137,1735,16,4,69,16,3,11,3,50,41,Win
Overpass,24,09,2019,208,1952,16,6,77,20,0,10,2,50,43,Win
Dust II,24,09,2019,302,2408,16,12,67,35,5,18,6,37,87,Lost
Dust II,24,09,2019,59,2980,15,15,77,28,7,21,4,35,72,Tie
Cache,24,09,2019,343,1978,8,16,91,10,3,16,1,60,25,Lost
Dust II,23,09,2019,217,1571,16,4,70,19,1,18,1,36,47,Lost
Dust II,23,09,2019,69,2292,16,9,71,17,6,19,3,58,45,Lost
Cache,22,09,2019,47,2138,16,8,86,23,6,17,3,30,58,Win
Dust II,22,09,2019,36,2888,14,16,85,24,5,20,3,25,62,Lost
Cache,22,09,2019,55,2567,16,13,81,26,7,23,5,61,66,Lost
Cache,22,09,2019,24,1877,4,16,99,22,3,12,5,50,57,Win
Dust II,21,09,2019,14,2408,10,16,117,24,4,21,3,37,62,Lost
Inferno,21,09,2019,313,2833,16,13,104,35,5,22,6,37,84,Lost
Inferno,21,09,2019,148,2450,16,10,63,21,6,19,4,33,56,Win
Cache,20,09,2019,59,3025,15,15,70,24,10,21,4,41,62,Tie
Mirage,20,09,2019,50,2137,16,7,76,35,0,9,7,45,78,Win
Cache,20,09,2019,145,2735,12,16,87,36,7,15,8,36,98,Lost
Dust II,20,09,2019,98,2249,16,11,88,25,4,16,3,40,61,Win
Mirage,20,09,2019,20,3185,15,15,82,35,7,21,7,54,89,Tie
Mirage,20,09,2019,289,1641,16,4,65,16,3,11,2,56,40,Win
Inferno,10,09,2019,38,1618,16,1,77,18,6,9,2,38,43,Win
Mirage,10,09,2019,190,1668,16,3,74,18,0,16,2,38,42,Lost
Dust II,10,09,2019,58,2027,8,16,104,20,5,20,1,30,49,Lost
Cache,10,09,2019,216,2549,16,10,133,18,9,15,2,44,56,Win
Mirage,07,09,2019,170,2154,9,16,131,16,1,16,2,62,35,Win
Mirage,07,09,2019,113,2766,14,16,74,26,5,22,3,38,65,Lost
Cache,30,08,2019,136,2277,16,7,141,4,1,18,2,20,11,Lost
Dust II,30,08,2019,111,2524,16,14,108,26,2,21,4,34,63,Lost
Cache,30,08,2019,56,2251,16,8,73,26,6,17,5,42,66,Win
Mirage,30,08,2019,58,2004,6,16,73,9,3,18,1,11,23,Lost
Overpass,28,08,2019,109,1825,4,16,76,14,2,17,1,35,34,Lost
Inferno,26,08,2019,299,2183,7,16,80,14,3,20,2,57,31,Lost
Mirage,26,08,2019,127,1811,16,8,85,24,2,17,3,54,54,Lost
Cache,26,08,2019,306,1986,16,5,85,25,4,16,4,32,58,Win
Cache,25,08,2019,95,2814,15,15,75,24,4,23,2,33,62,Tie
Mirage,25,08,2019,40,2338,10,16,95,18,2,19,1,44,44,Lost
Inferno,24,08,2019,141,1693,16,3,103,31,3,8,7,35,70,Win
Inferno,24,08,2019,240,1988,16,6,94,8,1,17,0,66,19,Lost
Train,24,08,2019,218,2703,15,15,157,18,4,24,4,31,50,Tie
Mirage,24,08,2019,395,1479,16,3,67,25,1,9,5,36,54,Win
Inferno,24,08,2019,104,3022,14,16,72,28,3,22,5,35,73,Lost
Overpass,24,08,2019,299,1878,16,8,79,18,3,13,3,38,46,Win
Dust II,23,08,2019,254,2724,14,16,0,14,1,22,3,31,34,Lost
Overpass,23,08,2019,166,1915,16,4,91,20,3,12,6,38,44,Win
Dust II,23,08,2019,26,2883,16,12,84,32,3,21,8,40,76,Lost
Cache,22,08,2019,193,1912,5,16,112,27,1,10,6,18,62,Win
Dust II,22,08,2019,298,2003,8,16,88,27,5,14,2,25,60,Win
Mirage,22,08,2019,264,2107,16,9,103,27,3,17,5,46,58,Win
Dust II,21,08,2019,136,2243,16,8,98,28,6,18,5,39,63,Win
Inferno,21,08,2019,251,1890,5,16,97,7,4,20,1,50,22,Lost
Cache,21,08,2019,131,1713,3,16,79,18,3,10,2,38,45,Win
Overpass,19,08,2019,323,2396,11,16,94,16,5,21,2,37,41,Lost
Mirage,19,08,2019,170,2331,16,10,93,25,5,19,3,34,61,Win
Cache,19,08,2019,101,2605,10,16,106,27,4,19,6,44,66,Lost
Cache,18,08,2019,174,2272,16,11,107,21,1,11,7,36,66,Win
Overpass,18,08,2019,100,1951,16,5,82,17,0,18,2,52,38,Lost
Mirage,17,08,2019,124,1467,16,3,120,17,1,6,4,23,45,Win
Cache,17,08,2019,346,2185,16,8,95,19,5,12,3,47,53,Win
Overpass,17,08,2019,277,2115,8,16,120,18,6,13,3,50,54,Win
Mirage,17,08,2019,120,2218,16,9,104,26,5,20,1,34,64,Lost
Dust II,17,08,2019,37,2607,15,15,84,27,5,24,2,37,63,Tie
Mirage,16,08,2019,32,2588,16,12,105,29,5,14,4,31,69,Win
Inferno,16,08,2019,32,1580,16,1,93,6,3,16,0,16,15,Lost
Dust II,16,08,2019,88,2723,15,15,86,34,1,23,3,38,75,Tie
Mirage,16,08,2019,80,1849,6,16,87,15,1,13,2,53,39,Win
Inferno,15,08,2019,153,1788,16,5,147,21,6,14,5,19,53,Win
Dust II,15,08,2019,13,2144,16,6,120,24,3,15,2,50,53,Win
Dust II,14,08,2019,238,1909,16,8,80,12,3,18,1,30,27,Lost
Mirage,14,08,2019,247,1070,2,12,96,18,0,7,5,38,44,Win
Cache,14,08,2019,81,1917,16,5,98,14,2,19,0,71,33,Lost
Inferno,13,08,2019,77,1676,6,11,0,10,3,11,3,36,25,Lost
Dust II,13,08,2019,65,1555,16,4,85,16,1,5,2,12,33,Win
Cache,13,08,2019,175,1719,16,2,82,9,2,15,0,44,20,Lost
Overpass,12,08,2019,184,2811,16,12,92,25,4,18,5,36,69,Win
Overpass,11,08,2019,345,2680,15,15,82,20,7,23,5,30,64,Tie
Mirage,11,08,2019,58,2686,13,16,104,35,4,15,4,34,79,Win
Dust II,10,08,2019,156,2794,16,14,85,28,5,24,3,25,66,Lost
Mirage,10,08,2019,346,1865,16,6,113,18,2,18,3,61,48,Lost
Overpass,10,08,2019,56,2233,16,8,100,27,3,19,2,25,65,Lost
Mirage,10,08,2019,111,2275,8,16,99,21,3,19,4,47,52,Lost
Mirage,09,08,2019,112,3007,15,15,106,38,5,21,7,21,92,Tie
Overpass,09,08,2019,334,2327,16,9,70,30,3,16,8,26,66,Win
Mirage,09,08,2019,116,2280,10,16,81,32,5,20,6,31,75,Win
Dust II,09,08,2019,258,1753,16,3,102,27,5,11,7,22,64,Win
Cache,08,08,2019,86,2472,16,13,111,35,4,20,6,20,80,Win
Dust II,08,08,2019,297,2526,12,16,104,32,3,22,6,28,73,Win
Dust II,08,08,2019,229,1566,16,4,103,13,2,18,1,23,32,Lost
Inferno,08,08,2019,387,2323,8,16,104,22,1,18,4,36,47,Lost
Cache,07,08,2019,345,2439,16,10,165,31,4,21,7,29,73,Lost
Cache,07,08,2019,195,924,12,0,97,13,2,2,3,7,28,Win
Overpass,07,08,2019,60,2669,16,11,83,29,4,19,4,31,76,Win
Inferno,06,08,2019,18,3020,16,13,76,37,3,20,5,36,90,Win
Cache,05,08,2019,234,2869,14,16,106,33,2,24,5,18,73,Lost
Mirage,05,08,2019,94,2435,12,16,179,31,5,19,8,22,79,Lost
Dust II,05,08,2019,358,2272,16,9,99,25,1,19,4,16,56,Lost
Overpass,05,08,2019,179,2081,16,5,94,22,5,20,1,13,54,Lost
Inferno,05,08,2019,12,2251,16,9,99,16,3,20,3,18,38,Lost
Dust II,04,08,2019,36,2839,14,16,78,28,8,23,3,17,74,Win
Cache,04,08,2019,360,2850,13,16,80,33,3,18,6,17,72,Win
Dust II,04,08,2019,389,1906,16,6,115,22,6,12,6,27,51,Win
Cache,03,08,2019,385,1727,6,16,107,28,3,10,7,32,66,Win
Dust II,03,08,2019,180,1850,16,3,92,10,1,16,0,50,23,Lost
Dust II,03,08,2019,327,1290,16,2,108,6,0,13,1,42,14,Lost
Inferno,02,08,2019,147,1580,16,2,100,8,0,12,2,22,23,Lost
Cache,02,08,2019,13,1495,4,16,77,28,3,9,5,21,63,Win
Cache,02,08,2019,234,1820,16,5,75,15,4,19,2,40,42,Lost
Mirage,02,08,2019,122,2596,16,13,91,38,3,18,6,13,83,Win
Overpass,02,08,2019,23,2877,15,15,75,33,4,21,4,34,78,Tie
Cache,02,08,2019,27,2033,16,6,80,22,4,14,5,22,52,Win
Inferno,01,08,2019,485,2352,12,16,78,32,2,16,4,31,69,Win
Cache,01,08,2019,255,2163,16,8,94,21,4,18,4,28,55,Lost
Overpass,01,08,2019,139,2200,9,16,164,28,6,17,5,42,65,Win
Cache,30,07,2019,310,2230,8,16,72,29,2,15,5,13,64,Win
Mirage,30,07,2019,356,3057,15,15,85,36,7,20,10,44,85,Tie
Cache,28,07,2019,117,1588,11,7,0,8,2,15,2,30,30,Lost
Dust II,28,07,2019,67,1704,16,3,82,9,3,17,1,55,25,Lost
Mirage,28,07,2019,19,1788,4,16,85,26,4,12,6,26,68,Win
Inferno,28,07,2019,193,1731,16,4,79,13,0,18,2,23,32,Lost
Inferno,28,07,2019,87,773,0,9,221,7,1,8,0,57,15,Lost
Dust II,28,07,2019,17,2318,15,15,83,30,7,22,3,33,70,Tie
Dust II,26,07,2019,76,1802,7,16,91,11,0,20,3,27,29,Lost
Cache,26,07,2019,47,2928,14,16,109,26,2,16,4,35,63,Lost
Inferno,26,07,2019,100,2059,6,16,98,19,3,13,5,21,44,Win
Mirage,26,07,2019,17,2508,14,16,0,14,2,8,3,33,32,Lost
Cache,24,07,2019,96,2715,16,13,85,28,7,16,4,35,78,Win
Inferno,24,07,2019,195,2586,16,10,64,22,2,19,2,45,54,Lost
Inferno,23,07,2019,133,2040,4,16,69,24,7,10,3,54,63,Win
Mirage,23,07,2019,23,1984,7,16,86,24,2,18,2,45,57,Lost
Dust II,22,07,2019,100,2678,14,16,91,28,6,20,3,39,66,Win
Inferno,22,07,2019,18,905,9,1,80,15,2,5,5,40,32,Win
Mirage,22,07,2019,46,2236,7,16,64,26,7,13,4,38,67,Win
Inferno,22,07,2019,106,2350,7,16,60,23,3,15,8,21,62,Win
Mirage,20,07,2019,259,2521,16,12,71,19,4,22,1,33,48,Lost
Dust II,20,07,2019,14,2861,13,16,115,30,4,18,3,30,75,Lost
Dust II,20,07,2019,13,947,0,13,135,2,1,12,0,66,5,Lost
Dust II,19,07,2019,77,2010,8,16,124,21,1,20,3,9,49,Lost
Overpass,19,07,2019,30,2118,5,16,91,22,4,13,6,18,69,Win
Cache,19,07,2019,63,2353,10,16,99,22,5,22,2,45,49,Lost
Cache,19,07,2019,300,2164,16,8,74,29,2,14,8,17,65,Win
Dust II,19,07,2019,47,1684,3,16,71,27,2,6,6,25,61,Win
Mirage,18,07,2019,173,1735,16,3,73,18,0,16,2,61,44,Lost
Inferno,18,07,2019,165,2711,16,11,72,24,5,19,5,40,53,Win
Dust II,18,07,2019,55,1920,16,4,73,15,4,15,3,37,41,Lost
Mirage,18,07,2019,15,1450,16,2,91,19,1,7,4,21,39,Win
Train,18,07,2019,16,2898,12,16,89,29,2,20,4,31,72,Lost
Cache,18,07,2019,76,3106,16,14,68,28,1,23,5,28,64,Win
Dust II,18,07,2019,39,2417,16,8,91,26,3,14,6,42,60,Win
Train,17,07,2019,137,2853,16,14,76,43,5,21,9,39,107,Lost
Dust II,17,07,2019,80,2440,16,8,85,34,2,16,7,32,84,Win
Inferno,16,07,2019,196,3188,15,15,88,19,6,20,2,42,58,Tie
Overpass,16,07,2019,44,2072,5,16,89,29,3,12,4,31,67,Win
Cache,16,07,2019,157,2777,16,12,87,26,3,17,4,23,60,Win
Dust II,16,07,2019,111,2010,16,8,118,19,3,14,3,21,47,Win
Cache,15,07,2019,188,2267,16,9,64,18,4,20,3,38,49,Lost
Inferno,15,07,2019,23,2396,9,16,86,27,2,19,0,37,66,Lost
Mirage,15,07,2019,294,2070,16,6,82,16,1,18,3,31,33,Lost
Cache,14,07,2019,26,2207,16,11,116,19,0,18,1,10,45,Win
Dust II,14,07,2019,44,1596,8,8,125,10,2,14,2,30,22,Tie
Dust II,14,07,2019,189,2939,15,15,83,29,8,21,3,27,81,Tie
Mirage,13,07,2019,43,1842,5,16,71,12,1,19,2,41,26,Lost
Inferno,13,07,2019,15,2841,16,10,61,21,8,14,2,38,55,Win
Dust II,13,07,2019,25,2653,16,12,67,30,6,19,8,36,79,Lost
Dust II,12,07,2019,168,3224,15,15,79,28,4,19,4,10,69,Tie
Dust II,12,07,2019,14,2294,11,16,68,34,4,14,5,32,81,Win
Mirage,12,07,2019,12,1911,16,5,65,30,3,13,9,26,71,Win
Dust II,12,07,2019,49,2011,16,7,72,21,5,18,1,33,55,Lost
Mirage,12,07,2019,138,1810,16,4,68,12,3,17,2,41,29,Lost
Mirage,11,07,2019,128,2514,16,12,64,14,2,24,2,28,35,Lost
Inferno,11,07,2019,25,1992,16,4,60,26,4,12,5,34,60,Win
Overpass,11,07,2019,122,390,5,0,66,4,2,2,1,0,10,Win
Cache,11,07,2019,12,2927,15,15,85,31,2,18,7,35,72,Tie
Mirage,10,07,2019,207,1908,3,16,73,25,5,9,9,24,65,Win
Mirage,10,07,2019,20,928,0,12,74,15,4,5,4,26,38,Win
Inferno,10,07,2019,247,2797,16,13,85,32,2,18,5,31,66,Win
Inferno,09,07,2019,113,2711,11,16,80,45,9,14,12,13,113,Win
Train,09,07,2019,66,2293,7,16,88,18,4,20,2,27,40,Lost
Dust II,09,07,2019,16,1889,16,9,89,21,1,21,4,28,46,Lost
Dust II,09,07,2019,62,2768,13,16,120,31,4,21,5,29,80,Lost
Dust II,08,07,2019,48,1987,16,6,59,19,5,14,7,31,43,Win
Mirage,08,07,2019,38,1979,4,16,85,21,3,18,2,38,49,Lost
Overpass,08,07,2019,107,2798,16,12,59,38,4,23,8,42,88,Lost
Nuke,06,07,2019,261,1193,16,1,73,5,2,17,0,40,12,Lost
Cache,06,07,2019,26,2335,9,16,117,26,2,18,5,26,63,Lost
Inferno,06,07,2019,25,2137,16,7,87,22,4,14,5,40,52,Win
Inferno,04,07,2019,11,2660,16,10,69,18,3,19,4,27,46,Lost
Dust II,04,07,2019,58,2428,16,9,66,22,7,24,2,36,53,Lost
Inferno,03,07,2019,40,3017,16,11,92,25,6,23,5,40,58,Lost
Overpass,03,07,2019,223,2460,16,12,64,41,8,21,8,36,97,Win
Dust II,03,07,2019,53,1557,4,16,83,19,4,17,1,26,48,Lost
Cache,03,07,2019,109,2349,16,9,67,22,5,15,2,22,59,Win
Dust II,03,07,2019,64,2705,15,15,65,23,2,20,2,47,53,Tie
Mirage,02,07,2019,53,2210,7,16,59,15,8,18,5,66,47,Win
Mirage,02,07,2019,18,2102,8,16,67,26,8,14,5,46,70,Win
Inferno,02,07,2019,26,1749,5,16,109,18,0,16,3,16,36,Lost
Mirage,01,07,2019,144,2615,11,16,82,24,3,20,2,50,62,Lost
Inferno,01,07,2019,31,2580,10,16,89,32,2,15,4,28,79,Win
Cache,01,07,2019,32,1697,16,4,65,13,4,19,1,23,37,Lost
Dust II,01,07,2019,121,2307,7,16,70,23,4,12,6,39,64,Win
Cache,30,06,2019,13,2135,16,6,58,22,5,11,8,31,53,Win
Mirage,30,06,2019,20,2372,11,16,128,19,1,20,6,40,39,Lost
Cache,30,06,2019,10,2479,16,9,61,29,4,14,5,24,68,Win
Dust II,29,06,2019,16,2453,9,16,86,24,2,18,3,33,54,Lost
Inferno,29,06,2019,66,2174,16,6,61,28,4,11,3,35,65,Win
Train,29,06,2019,104,2471,12,16,68,34,2,20,5,29,77,Lost
Cache,29,06,2019,123,2360,16,9,89,19,4,19,3,42,51,Lost
Overpass,29,06,2019,95,2614,16,8,81,24,3,14,4,20,57,Win
Mirage,28,06,2019,49,2212,8,16,0,19,5,20,3,40,47,Lost
Inferno,28,06,2019,39,3038,11,16,76,31,6,16,6,41,77,Win
Cache,28,06,2019,16,1404,3,13,62,15,6,8,5,40,47,Win
Dust II,27,06,2019,88,3041,15,15,57,28,1,20,5,53,73,Tie
Inferno,27,06,2019,12,1974,5,16,66,13,1,16,2,38,31,Lost
Train,27,06,2019,245,2188,16,6,62,15,2,19,1,46,36,Lost
Inferno,27,06,2019,51,2841,16,13,63,37,7,20,5,57,87,Lost
Mirage,26,06,2019,47,2714,16,11,94,40,5,18,6,34,98,Win
Inferno,26,06,2019,68,2846,12,16,86,38,4,25,5,47,80,Lost
Inferno,24,06,2019,101,2088,6,16,87,13,4,15,2,35,33,Lost
Inferno,23,06,2019,147,2796,10,16,83,22,2,20,2,54,51,Lost
Dust II,23,06,2019,92,2254,8,16,108,27,2,14,5,33,70,Win
Mirage,23,06,2019,15,2496,15,15,60,34,2,20,7,23,77,Tie
Dust II,22,06,2019,61,2072,16,9,56,18,9,18,1,27,48,Win
Inferno,22,06,2019,12,2384,8,16,95,24,4,12,3,32,63,Win
Mirage,22,06,2019,21,2390,16,9,71,21,1,18,2,38,50,Lost
Mirage,21,06,2019,87,1784,5,16,68,10,1,19,0,28,21,Lost
Dust II,21,06,2019,120,2593,16,12,68,20,6,22,1,40,50,Win
Cache,21,06,2019,24,1840,4,16,76,11,1,19,0,45,25,Lost
Cache,20,06,2019,85,2475,10,16,0,20,5,16,6,27,61,Win
Cache,20,06,2019,256,1372,16,2,75,18,3,7,3,36,39,Win
Dust II,20,06,2019,20,1830,16,5,0,-2,4,10,1,50,10,Lost
Inferno,12,06,2019,18,2763,12,16,59,32,5,19,4,46,75,Win
Mirage,12,06,2019,17,2305,16,9,69,19,3,20,4,47,49,Lost
Dust II,12,06,2019,108,1819,16,4,85,11,5,8,1,41,29,Win
Inferno,11,06,2019,174,2060,16,5,70,8,2,18,0,50,20,Lost
Train,07,06,2019,203,2948,13,16,996,20,1,22,2,30,43,Lost
Dust II,15,05,2019,10,2057,16,7,89,20,3,18,1,25,48,Lost
Overpass,15,05,2019,77,2642,16,11,74,37,8,20,8,35,98,Win
Overpass,15,05,2019,12,3035,16,13,77,31,2,18,5,54,79,Lost
Mirage,13,05,2019,163,2417,12,16,78,38,3,19,9,34,87,Win
Cache,13,05,2019,135,2924,12,16,85,14,4,25,2,21,33,Lost
Mirage,12,05,2019,49,2527,16,14,115,27,6,24,4,37,66,Win
Nuke,12,05,2019,147,2710,16,9,119,21,6,18,1,33,50,Win
Cache,12,05,2019,272,2497,16,9,86,32,3,16,5,28,73,Win
Mirage,12,05,2019,32,1794,5,16,78,18,5,13,3,38,61,Win
Dust II,12,05,2019,10,1694,5,16,65,25,6,12,6,44,62,Win
Mirage,12,05,2019,121,2651,16,14,86,43,9,20,6,39,99,Win
Overpass,12,05,2019,48,1836,3,16,84,25,5,8,6,48,63,Win
Cache,11,05,2019,131,1747,16,5,101,20,4,13,2,20,48,Win
Overpass,11,05,2019,219,1749,16,3,60,16,2,16,1,56,37,Lost
Dust II,11,05,2019,130,1388,3,13,87,8,2,14,1,37,18,Lost
Cache,10,05,2019,47,1349,5,13,81,22,1,11,3,59,48,Win
Mirage,10,05,2019,158,2896,16,13,118,16,5,25,0,37,37,Lost
Mirage,10,05,2019,124,2320,9,16,97,24,1,20,5,46,62,Win
Overpass,08,05,2019,162,2633,13,16,0,1,0,2,1,50,2,Lost
Mirage,08,05,2019,64,2029,7,16,97,12,7,20,0,50,34,Lost
Dust II,07,05,2019,111,2208,16,11,81,21,6,18,4,52,60,Win
Overpass,05,05,2019,107,2348,16,8,109,24,5,19,3,50,57,Lost
Dust II,04,05,2019,118,2541,16,12,71,25,4,17,3,16,64,Win
Overpass,04,05,2019,166,2831,15,15,80,29,3,17,6,33,70,Tie
Mirage,03,05,2019,93,1989,5,16,111,15,4,17,3,50,38,Lost
Inferno,01,05,2019,11,1617,16,3,0,12,2,8,2,53,30,Lost
Cache,30,04,2019,216,2436,9,16,125,19,4,19,1,31,47,Lost
Dust II,30,04,2019,51,1682,16,4,90,12,2,16,1,41,26,Lost
Mirage,30,04,2019,257,2793,13,16,124,21,3,21,1,36,50,Lost
Dust II,27,04,2019,26,3031,15,15,109,38,3,18,4,39,83,Tie
Inferno,27,04,2019,64,1877,16,2,93,8,0,14,1,55,18,Lost
Mirage,27,04,2019,16,2243,16,7,87,12,2,13,1,30,27,Win
Overpass,31,03,2019,187,2692,16,11,102,25,6,21,3,56,61,Lost
Inferno,31,03,2019,101,1960,16,4,76,12,2,17,3,58,30,Lost
Inferno,30,03,2019,36,3047,15,15,136,23,3,19,6,37,53,Tie
Cache,29,03,2019,26,2406,16,7,126,28,3,17,4,48,66,Lost
Dust II,29,03,2019,115,2723,14,16,110,19,6,22,1,50,45,Lost
Dust II,28,03,2019,143,1615,4,16,109,26,4,11,4,50,65,Win
Inferno,28,03,2019,15,1977,6,16,95,24,4,13,6,41,57,Win
Train,28,03,2019,70,793,7,0,105,13,4,3,4,38,36,Win
Dust II,28,03,2019,29,1678,16,4,66,14,1,18,2,40,33,Lost
Dust II,28,03,2019,16,1701,5,16,71,21,2,14,5,42,47,Win
Dust II,28,03,2019,49,2854,16,14,64,29,7,19,5,40,69,Win
Cache,28,03,2019,15,2617,15,15,103,43,5,22,7,32,99,Tie
Mirage,27,03,2019,132,3084,15,15,95,22,4,22,3,45,49,Tie
Office,24,03,2019,155,2038,16,7,75,16,3,18,2,25,37,Lost
Inferno,24,03,2019,15,2206,6,16,75,18,3,14,2,36,39,Win
Cache,24,03,2019,17,2877,15,15,94,18,8,25,2,44,52,Tie
Inferno,23,03,2019,135,2818,16,11,67,34,4,19,7,38,83,Win
Dust II,23,03,2019,104,2543,16,13,514,19,5,14,4,35,45,Win
Mirage,22,03,2019,15,2875,15,15,109,38,7,19,5,31,85,Tie
Cache,22,03,2019,116,1569,4,16,104,13,1,19,0,38,27,Lost
Overpass,22,03,2019,99,2762,16,14,140,30,5,21,5,34,71,Win
Dust II,22,03,2019,45,2787,15,15,100,24,9,21,4,41,62,Tie
Inferno,22,03,2019,92,2628,11,16,70,33,3,18,5,39,73,Lost
Overpass,20,03,2019,186,2165,16,7,71,23,2,15,6,73,53,Win
Mirage,20,03,2019,60,2574,16,12,70,31,5,22,6,45,73,Lost
Mirage,20,03,2019,154,2356,9,16,125,12,3,19,2,30,33,Lost
Dust II,19,03,2019,141,2070,9,16,129,24,3,16,3,32,59,Win
Mirage,19,03,2019,139,2664,14,16,143,39,5,22,8,38,84,Win
Mirage,19,03,2019,113,2523,10,16,104,29,3,23,4,41,61,Lost
Inferno,19,03,2019,137,1671,3,16,64,10,3,17,0,18,23,Lost
Inferno,18,03,2019,106,3003,15,15,119,34,5,22,4,35,82,Tie
Mirage,18,03,2019,33,1978,16,4,84,7,3,17,0,50,21,Lost
Cache,17,03,2019,111,3182,15,15,93,26,4,22,2,61,60,Tie
Dust II,17,03,2019,58,2596,16,11,67,35,5,17,7,48,77,Win
Overpass,17,03,2019,73,2124,6,16,97,14,4,15,3,33,32,Lost
Mirage,16,03,2019,175,1557,16,2,103,9,2,11,1,33,21,Win
Dust II,16,03,2019,64,2391,12,16,115,26,2,23,3,42,60,Lost
Dust II,16,03,2019,95,2953,15,15,99,23,5,21,6,21,57,Tie
Dust II,11,03,2019,31,2430,8,16,108,6,1,20,1,33,13,Lost
Overpass,10,03,2019,146,2829,15,15,153,22,2,21,3,36,58,Tie
Dust II,09,03,2019,121,3004,16,14,70,14,2,25,2,42,33,Lost
Mirage,09,03,2019,138,1800,16,2,106,15,7,12,2,33,37,Win
Dust II,07,03,2019,35,2805,13,16,125,18,3,23,4,38,50,Win
Cache,06,03,2019,28,3026,12,16,69,22,4,13,6,26,52,Lost
Inferno,05,03,2019,57,2420,16,10,79,13,3,21,0,30,33,Lost
Cache,05,03,2019,120,1857,16,3,157,11,3,16,1,45,28,Lost
Dust II,04,03,2019,64,2686,15,15,67,33,4,17,6,27,77,Tie
Dust II,04,03,2019,195,1690,3,16,126,11,2,6,1,25,24,Win
Inferno,03,03,2019,93,3375,15,15,70,16,9,22,3,25,44,Tie
Cache,03,03,2019,56,2412,7,16,73,19,3,18,2,57,41,Lost
Inferno,02,03,2019,139,2878,16,13,73,9,8,22,1,44,30,Lost
Cache,02,03,2019,153,2940,16,14,107,15,7,27,2,46,41,Lost
Dust II,01,03,2019,153,2301,16,11,74,11,6,16,1,18,30,Win
Mirage,01,03,2019,73,1715,4,16,103,8,2,19,0,37,18,Lost
Train,28,02,2019,158,2461,16,10,112,10,3,21,1,50,28,Lost
Dust II,27,02,2019,17,2901,15,15,105,24,5,22,5,37,58,Tie
Cache,26,02,2019,154,1932,16,5,99,7,2,17,0,42,24,Lost
Dust II,26,02,2019,52,2329,16,8,117,4,2,19,1,25,12,Lost
Overpass,25,02,2019,140,2137,16,5,110,11,1,18,1,36,29,Lost
Inferno,25,02,2019,112,2994,16,12,115,17,8,22,4,35,49,Win
Dust II,24,02,2019,102,1922,16,4,75,12,6,10,2,33,36,Win
Train,24,02,2019,240,2681,12,16,75,16,6,21,2,37,49,Lost
Inferno,23,02,2019,68,2210,5,16,132,10,2,19,0,30,22,Lost
Train,23,02,2019,47,760,2,7,111,9,1,4,2,44,25,Win
Dust II,23,02,2019,76,3107,14,16,71,22,1,21,2,36,53,Win
Cache,23,02,2019,41,2847,12,16,66,25,4,23,2,36,58,Lost
Inferno,22,02,2019,169,1903,16,4,126,6,2,18,1,33,17,Lost
Overpass,22,02,2019,292,2035,16,8,110,17,5,18,1,23,41,Lost
Overpass,22,02,2019,154,2365,9,16,105,12,7,22,0,33,35,Lost
Dust II,22,02,2019,163,2977,16,13,107,22,3,21,5,27,54,Win
Inferno,19,02,2019,69,2626,16,10,103,28,6,16,7,35,69,Win
Inferno,19,02,2019,130,3203,15,15,80,19,3,22,4,63,56,Tie
Dust II,17,02,2019,44,2449,12,16,68,25,9,20,4,40,62,Win
Nuke,16,02,2019,49,2171,16,5,100,18,2,11,2,44,42,Win
Inferno,16,02,2019,52,646,0,8,67,7,2,2,1,42,18,Win
Dust II,15,02,2019,39,3092,15,15,66,20,5,21,0,25,47,Tie
Cache,15,02,2019,112,2115,16,7,99,21,10,21,5,38,55,Win
Overpass,14,02,2019,29,2292,16,9,94,23,3,18,1,45,52,Win
Dust II,14,02,2019,48,1872,3,16,110,21,4,7,5,47,53,Win
Mirage,13,02,2019,104,2925,12,16,117,24,10,21,4,37,68,Lost
Train,11,02,2019,75,2482,16,8,95,18,2,21,2,38,43,Lost
Mirage,11,02,2019,19,2340,12,16,73,32,1,16,6,18,69,Win
Overpass,10,02,2019,78,2835,13,16,70,21,4,20,1,33,50,Lost
Dust II,09,02,2019,149,2287,8,16,0,8,3,16,3,36,21,Lost
Cache,09,02,2019,32,255,0,4,144,0,1,3,0,0,1,Lost
Dust II,09,02,2019,120,1901,16,5,0,12,2,10,1,30,27,Win
Overpass,09,02,2019,177,2129,16,8,98,30,3,14,6,30,74,Win
Dust II,08,02,2019,180,2157,8,16,112,10,5,17,1,30,33,Win
Cache,07,02,2019,175,2235,16,7,123,15,1,20,2,60,31,Lost
Overpass,06,02,2019,55,2958,16,13,65,17,5,22,3,29,48,Lost
Inferno,04,02,2019,163,2505,11,16,87,11,2,21,3,54,34,Win
Mirage,03,02,2019,60,3124,12,16,73,31,2,22,3,19,68,Lost
Inferno,03,02,2019,116,2271,16,7,109,22,3,14,5,31,54,Win
Cache,02,02,2019,209,1899,3,16,98,8,4,15,1,37,20,Lost
Dust II,01,02,2019,26,1716,6,16,101,20,2,19,1,30,46,Lost
Dust II,01,02,2019,37,1552,2,16,121,14,5,17,1,28,35,Lost
Train,01,02,2019,15,1994,16,8,70,14,7,20,2,35,36,Lost
Dust II,31,01,2019,127,2899,16,12,105,22,2,20,4,13,58,Lost
Mirage,31,01,2019,102,1946,16,7,97,14,2,18,1,28,32,Lost
Overpass,30,01,2019,68,2347,8,16,131,26,2,19,1,38,57,Lost
Inferno,29,01,2019,198,2764,10,16,77,16,5,20,3,31,45,Win
Dust II,28,01,2019,57,3006,14,16,82,26,3,21,8,30,71,Win
Mirage,27,01,2019,383,2199,16,9,98,16,2,11,3,47,41,Win
Mirage,26,01,2019,179,1920,16,7,96,21,5,17,2,28,57,Win
Dust II,26,01,2019,80,2659,13,16,65,35,3,21,6,31,80,Lost
Inferno,25,01,2019,32,2348,16,9,101,20,7,17,3,35,50,Win
Inferno,25,01,2019,13,2224,16,8,117,16,8,20,2,37,48,Lost
Nuke,25,01,2019,45,2008,8,16,124,25,6,12,4,16,64,Win
Mirage,24,01,2019,21,1764,4,16,84,28,2,9,8,25,74,Win
Overpass,24,01,2019,101,1952,4,16,116,20,2,8,5,25,52,Win
Overpass,23,01,2019,69,1608,3,16,159,13,0,15,2,30,30,Lost
Inferno,23,01,2019,202,1663,16,1,101,5,0,14,0,42,15,Lost
Overpass,23,01,2019,127,2468,8,16,130,9,4,13,1,50,22,Lost
Inferno,22,01,2019,15,2089,16,5,313,13,3,19,3,61,30,Lost
Cache,22,01,2019,12,1559,16,3,135,8,3,17,2,0,21,Lost
Dust II,22,01,2019,16,1943,7,16,130,27,3,17,2,22,62,Lost
Dust II,21,01,2019,13,2737,15,15,105,36,4,20,8,36,84,Tie
Cobblestone,21,01,2019,25,1677,16,3,102,9,2,17,0,11,25,Lost
Dust II,20,01,2019,67,2866,11,16,112,27,1,17,3,33,67,Win
Mirage,18,01,2019,53,2148,16,6,100,20,4,18,2,50,52,Lost
Mirage,12,01,2019,20,2624,12,16,257,12,2,23,2,41,36,Lost
Cache,12,01,2019,92,2231,16,9,261,8,11,18,1,33,35,Win
Overpass,05,01,2019,147,1098,0,11,129,7,1,10,0,57,15,Lost
Inferno,03,01,2019,161,1721,2,16,144,2,2,16,0,50,6,Lost
Mirage,03,01,2019,14,2170,16,7,95,9,2,22,2,55,26,Lost
Overpass,03,01,2019,283,2091,6,16,197,9,4,17,1,44,28,Win
Inferno,01,01,2019,37,2095,6,16,99,19,2,20,1,36,43,Lost
Dust II,31,12,2018,81,1953,16,6,133,19,2,14,3,52,41,Lost
Mirage,31,12,2018,108,2245,9,16,128,10,6,20,1,40,29,Lost
Mirage,31,12,2018,118,2465,16,8,264,14,1,22,1,57,35,Lost
Inferno,31,12,2018,208,3180,16,14,97,13,3,26,2,38,31,Win
Dust II,29,12,2018,64,1846,16,5,81,18,2,13,2,33,44,Win
Dust II,28,12,2018,102,1958,7,16,88,24,1,16,4,37,56,Win
Dust II,27,12,2018,49,2618,11,16,87,19,5,14,5,15,62,Win
Dust II,27,12,2018,10,2058,8,16,0,2,1,11,0,66,5,Lost
Dust II,26,12,2018,249,2460,16,11,117,17,5,18,3,33,43,Win
Dust II,26,12,2018,196,2868,14,16,92,20,6,22,5,20,61,Win
Cache,25,12,2018,58,1961,16,7,71,17,2,17,3,23,47,Lost
Dust II,25,12,2018,177,867,8,2,121,9,3,7,4,55,21,Win
Inferno,25,12,2018,220,938,10,2,90,12,1,8,4,50,25,Win
Train,25,12,2018,305,2676,16,12,115,32,5,20,4,25,84,Lost
Cache,24,12,2018,192,1863,5,16,121,29,2,11,4,24,66,Win
Inferno,24,12,2018,230,2564,16,12,111,19,4,21,2,21,45,Lost
Nuke,23,12,2018,142,2970,14,16,0,10,1,5,1,27,21,Lost
Mirage,23,12,2018,77,1846,4,16,91,11,4,17,0,18,28,Lost
Dust II,23,12,2018,225,1990,7,16,107,6,3,18,0,42,20,Win
Dust II,23,12,2018,135,1734,16,5,118,19,5,7,2,25,51,Win
Dust II,22,12,2018,222,2247,6,16,118,14,3,20,1,42,32,Lost
Cache,21,12,2018,94,2765,14,16,70,28,5,20,5,28,82,Win
Dust II,21,12,2018,102,2087,16,7,95,9,3,17,1,63,27,Lost
Inferno,21,12,2018,156,1851,3,16,91,11,4,14,2,25,26,Win
Dust II,21,12,2018,75,1840,16,3,95,6,4,17,0,83,20,Lost
Inferno,20,12,2018,159,1657,3,16,119,17,3,9,3,64,43,Win
Overpass,20,12,2018,208,2809,15,15,118,15,4,24,0,26,38,Tie
Cache,18,12,2018,105,2798,13,16,87,13,1,21,2,23,39,Lost
Dust II,18,12,2018,61,1763,16,6,86,11,3,18,0,54,29,Lost
Cache,17,12,2018,162,2650,16,13,98,17,5,20,4,41,43,Win
Inferno,17,12,2018,237,1764,16,3,116,9,4,19,0,55,22,Lost
Dust II,16,12,2018,176,2287,16,9,83,17,8,15,2,29,48,Win
Overpass,16,12,2018,243,1679,16,2,116,10,3,16,0,30,28,Lost
Dust II,16,12,2018,137,2053,7,16,65,19,4,17,4,26,50,Win
Dust II,15,12,2018,114,2552,16,13,92,14,5,21,3,50,37,Win
Mirage,15,12,2018,73,1618,3,16,135,10,2,17,0,50,27,Lost
Mirage,15,12,2018,70,2257,6,16,96,14,3,17,4,50,39,Win
Overpass,14,12,2018,150,1538,2,16,123,7,0,17,1,57,18,Lost
Overpass,14,12,2018,195,2893,16,14,102,13,5,24,1,30,33,Win
Dust II,14,12,2018,79,2461,16,10,94,16,1,19,2,50,46,Lost
Cache,13,12,2018,141,1255,16,1,76,13,1,9,1,23,27,Win
Inferno,13,12,2018,185,1772,16,5,120,11,2,8,0,63,26,Win
Mirage,13,12,2018,108,1835,2,16,82,10,2,16,0,10,22,Lost
Dust II,13,12,2018,95,1974,7,16,91,21,0,17,4,38,49,Lost
Cache,12,12,2018,16,1303,2,16,88,11,0,15,0,45,22,Lost
Train,12,12,2018,84,2174,16,5,104,14,2,19,2,28,39,Lost
Dust II,12,12,2018,212,1650,0,16,102,6,2,8,0,42,22,Win
Overpass,11,12,2018,246,2050,9,14,120,15,5,14,1,20,40,Win
Train,11,12,2018,115,1315,1,16,123,12,0,16,1,50,24,Lost
